string2 0,string2 1,empty 2,string2 3,empty 4,string2 5,string2 6,string2 7,float 8,string2 9,string2 10,string2 11,bool 12,bool 13,bool 14,bool 15
"chr183aa010101","chr183a","","chrh183a","","01","01","01",1,"","","",1,1,1,0
"chr183ba010101","chr183b","","chrh183a","","01","01","01",1,"","","",1,1,1,0
"chr183ca010101","chr183c","","chrh183a","","01","01","01",1,"","","",1,1,1,0
"chr183da010101","chr183d","","chrh183a","","01","01","01",1,"","","",1,1,1,0
"chr183na010101","chr183n","","chrh183a","","01","01","01",1,"","","",1,1,1,0
"chr183oa010101","chr183o","","chrh183a","","01","01","01",1,"","","",1,1,1,0
"chr183pa010101","chr183p","","chrh183a","","01","01","01",1,"","","",1,1,1,0
"chr183qa010101","chr183q","","chrh183a","","01","01","01",1,"","","",1,1,1,0
"chr183ra010101","chr183r","","chrh183a","","01","01","01",1,"","","",1,1,1,0
"chr183sa010101","chr183s","","chrh183a","","01","01","01",1,"","","",1,1,1,0
"chr183ta010101","chr183t","","chrh183a","","01","01","01",1,"","","",1,1,1,0
"chr183va010101","chr183v","","chrh183a","","01","01","01",1,"","","",1,1,1,0
"chr184aa010101","chr184a","","chrh184a","","01","01","01",1,"","","",1,1,1,0
"chr185aa010101","chr185a","","chrh185a","","01","01","01",1,"","","",1,1,1,0
"chr186aa010101","chr186a","","chrh186a","","01","01","01",1,"","","",1,1,1,0
"chr187aa010101","chr187a","","chrh187a","","01","01","01",1,"","","",1,1,1,0
"chr188aa010101","chr188a","","chrh188a","","01","01","01",1,"","","",1,1,1,0
"chr900aa010101","chr900a","","chrh900a","","01","01","01",1,"","","",1,1,1,0
"chr807aa010101","chr807a","","chrh807a","","01","01","01",1,"","","",1,1,1,0
"pc001aa010101","pc001a","","pch001a","","01","01","01",1,"","","",0,1,1,0
"pc001ab020201","pc001a","","pch001b","","02","02","01",1,"","","",0,1,1,0
"pc001ca010101","pc001c","","pch001a","","01","01","01",1,"","","",0,1,1,0
"pc001ea010101","pc001e","","pch001a","","01","01","01",1,"","","",0,1,1,0
"pc001ea020101","pc001e","","pch001a","","02","01","01",1,"","","",0,1,1,0
"pc001ea030101","pc001e","","pch001a","","03","01","01",1,"","","",0,1,1,0
"pc001ea040101","pc001e","","pch001a","","04","01","01",1,"","","",0,1,1,0
"pc001ea050101","pc001e","","pch001a","","05","01","01",1,"","","",0,1,1,0
"pc001ea060101","pc001e","","pch001a","","06","01","01",1,"","","",0,1,1,0
"pc001ea070101","pc001e","","pch001a","","07","01","01",1,"","","",0,1,1,0
"pc001ea080101","pc001e","","pch001a","","08","01","01",1,"","","",0,1,1,0
"pc001ea090101","pc001e","","pch001a","","09","01","01",1,"","","",0,1,1,0
"pc001ea100101","pc001e","","pch001a","","10","01","01",1,"","","",0,1,1,0
"pc001ea110101","pc001e","","pch001a","","11","01","01",1,"","","",0,1,1,0
"pc001ea120101","pc001e","","pch001a","","12","01","01",1,"","","",0,1,1,0
"pc001ea130101","pc001e","","pch001a","","13","01","01",1,"","","",0,1,1,0
"pc001ea140101","pc001e","","pch001a","","14","01","01",1,"","","",0,1,1,0
"pc001ea150101","pc001e","","pch001a","","15","01","01",1,"","","",0,1,1,0
"pc001ea160101","pc001e","","pch001a","","16","01","01",1,"","","",0,1,1,0
"pc001ea170101","pc001e","","pch001a","","17","01","01",1,"","","",0,1,1,0
"pc001ea180101","pc001e","","pch001a","","18","01","01",1,"","","",0,1,1,0
"pc001ea190101","pc001e","","pch001a","","19","01","01",1,"","","",0,1,1,0
"pc001ea200101","pc001e","","pch001a","","20","01","01",1,"","","",0,1,1,0
"pc001ea210101","pc001e","","pch001a","","21","01","01",1,"","","",0,1,1,0
"pc001ea220101","pc001e","","pch001a","","22","01","01",1,"","","",0,1,1,0
"pc001ea230101","pc001e","","pch001a","","23","01","01",1,"","","",0,1,1,0
"pc001ea240101","pc001e","","pch001a","","24","01","01",1,"","","",0,1,1,0
"pc001ea250101","pc001e","","pch001a","","25","01","01",1,"","","",0,1,1,0
"pc001ea260101","pc001e","","pch001a","","26","01","01",1,"","","",0,1,1,0
"pc001ea270101","pc001e","","pch001a","","27","01","01",1,"","","",0,1,1,0
"pc001fa010101","pc001f","","pch001a","","01","01","01",1,"","","",0,1,1,0
"pc001fa020101","pc001f","","pch001a","","02","01","01",1,"","","",0,1,1,0
"pc001fa030101","pc001f","","pch001a","","03","01","01",1,"","","",0,1,1,0
"pc001fa040101","pc001f","","pch001a","","04","01","01",1,"","","",0,1,1,0
"pc001fa050101","pc001f","","pch001a","","05","01","01",1,"","","",0,1,1,0
"pc001fa060101","pc001f","","pch001a","","06","01","01",1,"","","",0,1,1,0
"pc001fa070101","pc001f","","pch001a","","07","01","01",1,"","","",0,1,1,0
"pc001fa080101","pc001f","","pch001a","","08","01","01",1,"","","",0,1,1,0
"pc001fa090101","pc001f","","pch001a","","09","01","01",1,"","","",0,1,1,0
"pc001fa100101","pc001f","","pch001a","","10","01","01",1,"","","",0,1,1,0
"pc001fa110101","pc001f","","pch001a","","11","01","01",1,"","","",0,1,1,0
"pc001fa120101","pc001f","","pch001a","","12","01","01",1,"","","",0,1,1,0
"pc001fa130101","pc001f","","pch001a","","13","01","01",1,"","","",0,1,1,0
"pc001fa140101","pc001f","","pch001a","","14","01","01",1,"","","",0,1,1,0
"pc001fa150101","pc001f","","pch001a","","15","01","01",1,"","","",0,1,1,0
"pc001fa160101","pc001f","","pch001a","","16","01","01",1,"","","",0,1,1,0
"pc001fa170101","pc001f","","pch001a","","17","01","01",1,"","","",0,1,1,0
"pc001fa180101","pc001f","","pch001a","","18","01","01",1,"","","",0,1,1,0
"pc001fa190101","pc001f","","pch001a","","19","01","01",1,"","","",0,1,1,0
"pc001fa200101","pc001f","","pch001a","","20","01","01",1,"","","",0,1,1,0
"pc001fa210101","pc001f","","pch001a","","21","01","01",1,"","","",0,1,1,0
"pc001fa220101","pc001f","","pch001a","","22","01","01",1,"","","",0,1,1,0
"pc001fa230101","pc001f","","pch001a","","23","01","01",1,"","","",0,1,1,0
"pc001fa240101","pc001f","","pch001a","","24","01","01",1,"","","",0,1,1,0
"pc001fa250101","pc001f","","pch001a","","25","01","01",1,"","","",0,1,1,0
"pc001fa260101","pc001f","","pch001a","","26","01","01",1,"","","",0,1,1,0
"pc001fa270101","pc001f","","pch001a","","27","01","01",1,"","","",0,1,1,0
"pc001ia010101","pc001i","","pch001a","","01","01","01",1,"","","",0,1,1,0
"pc001ja010101","pc001j","","pch001a","","01","01","01",1,"","","",0,1,1,0
"pc001qa010101","pc001q","","pch001a","","01","01","01",1,"","","",0,1,1,0
"pc001ra010101","pc001r","","pch001a","","01","01","01",1,"","","",0,1,1,0
"pc001na010101","pc001n","","pch001a","","01","01","01",1,"","","",0,1,1,0
"pc001oa010101","pc001o","","pch001a","","01","01","01",1,"","","",0,1,1,0
"pc001ta010101","pc001t","","pch001a","","01","01","01",1,"","","",0,1,1,0
"pc001ua010101","pc001u","","pch001a","","01","01","01",1,"","","",0,1,1,0
"pc002aa010101","pc002a","","pch002a","","01","01","01",1,"","","",0,1,1,0
"pc002ab020201","pc002a","","pch002b","","02","02","01",1,"","","",0,1,1,0
"pc002ca010101","pc002c","","pch002a","","01","01","01",1,"","","",0,1,1,0
"pc002ea010101","pc002e","","pch002a","","01","01","01",1,"","","",0,1,1,0
"pc002ea020101","pc002e","","pch002a","","02","01","01",1,"","","",0,1,1,0
"pc002ea030101","pc002e","","pch002a","","03","01","01",1,"","","",0,1,1,0
"pc002ea040101","pc002e","","pch002a","","04","01","01",1,"","","",0,1,1,0
"pc002ea050101","pc002e","","pch002a","","05","01","01",1,"","","",0,1,1,0
"pc002ea060101","pc002e","","pch002a","","06","01","01",1,"","","",0,1,1,0
"pc002ea070101","pc002e","","pch002a","","07","01","01",1,"","","",0,1,1,0
"pc002ea080101","pc002e","","pch002a","","08","01","01",1,"","","",0,1,1,0
"pc002ea090101","pc002e","","pch002a","","09","01","01",1,"","","",0,1,1,0
"pc002ea100101","pc002e","","pch002a","","10","01","01",1,"","","",0,1,1,0
"pc002ea110101","pc002e","","pch002a","","11","01","01",1,"","","",0,1,1,0
"pc002ea120101","pc002e","","pch002a","","12","01","01",1,"","","",0,1,1,0
"pc002ea130101","pc002e","","pch002a","","13","01","01",1,"","","",0,1,1,0
"pc002ea140101","pc002e","","pch002a","","14","01","01",1,"","","",0,1,1,0
"pc002ea150101","pc002e","","pch002a","","15","01","01",1,"","","",0,1,1,0
"pc002ea160101","pc002e","","pch002a","","16","01","01",1,"","","",0,1,1,0
"pc002ea170101","pc002e","","pch002a","","17","01","01",1,"","","",0,1,1,0
"pc002ea180101","pc002e","","pch002a","","18","01","01",1,"","","",0,1,1,0
"pc002ea190101","pc002e","","pch002a","","19","01","01",1,"","","",0,1,1,0
"pc002ea200101","pc002e","","pch002a","","20","01","01",1,"","","",0,1,1,0
"pc002ea210101","pc002e","","pch002a","","21","01","01",1,"","","",0,1,1,0
"pc002ea220101","pc002e","","pch002a","","22","01","01",1,"","","",0,1,1,0
"pc002ea230101","pc002e","","pch002a","","23","01","01",1,"","","",0,1,1,0
"pc002ea240101","pc002e","","pch002a","","24","01","01",1,"","","",0,1,1,0
"pc002ea250101","pc002e","","pch002a","","25","01","01",1,"","","",0,1,1,0
"pc002ea260101","pc002e","","pch002a","","26","01","01",1,"","","",0,1,1,0
"pc002ea270101","pc002e","","pch002a","","27","01","01",1,"","","",0,1,1,0
"pc002fa010101","pc002f","","pch002a","","01","01","01",1,"","","",0,1,1,0
"pc002fa020101","pc002f","","pch002a","","02","01","01",1,"","","",0,1,1,0
"pc002fa030101","pc002f","","pch002a","","03","01","01",1,"","","",0,1,1,0
"pc002fa040101","pc002f","","pch002a","","04","01","01",1,"","","",0,1,1,0
"pc002fa050101","pc002f","","pch002a","","05","01","01",1,"","","",0,1,1,0
"pc002fa060101","pc002f","","pch002a","","06","01","01",1,"","","",0,1,1,0
"pc002fa070101","pc002f","","pch002a","","07","01","01",1,"","","",0,1,1,0
"pc002fa080101","pc002f","","pch002a","","08","01","01",1,"","","",0,1,1,0
"pc002fa090101","pc002f","","pch002a","","09","01","01",1,"","","",0,1,1,0
"pc002fa100101","pc002f","","pch002a","","10","01","01",1,"","","",0,1,1,0
"pc002fa110101","pc002f","","pch002a","","11","01","01",1,"","","",0,1,1,0
"pc002fa120101","pc002f","","pch002a","","12","01","01",1,"","","",0,1,1,0
"pc002fa130101","pc002f","","pch002a","","13","01","01",1,"","","",0,1,1,0
"pc002fa140101","pc002f","","pch002a","","14","01","01",1,"","","",0,1,1,0
"pc002fa150101","pc002f","","pch002a","","15","01","01",1,"","","",0,1,1,0
"pc002fa160101","pc002f","","pch002a","","16","01","01",1,"","","",0,1,1,0
"pc002fa170101","pc002f","","pch002a","","17","01","01",1,"","","",0,1,1,0
"pc002fa180101","pc002f","","pch002a","","18","01","01",1,"","","",0,1,1,0
"pc002fa190101","pc002f","","pch002a","","19","01","01",1,"","","",0,1,1,0
"pc002fa200101","pc002f","","pch002a","","20","01","01",1,"","","",0,1,1,0
"pc002fa210101","pc002f","","pch002a","","21","01","01",1,"","","",0,1,1,0
"pc002fa220101","pc002f","","pch002a","","22","01","01",1,"","","",0,1,1,0
"pc002fa230101","pc002f","","pch002a","","23","01","01",1,"","","",0,1,1,0
"pc002fa240101","pc002f","","pch002a","","24","01","01",1,"","","",0,1,1,0
"pc002fa250101","pc002f","","pch002a","","25","01","01",1,"","","",0,1,1,0
"pc002fa260101","pc002f","","pch002a","","26","01","01",1,"","","",0,1,1,0
"pc002fa270101","pc002f","","pch002a","","27","01","01",1,"","","",0,1,1,0
"pc002ia010101","pc002i","","pch002a","","01","01","01",1,"","","",0,1,1,0
"pc002ja010101","pc002j","","pch002a","","01","01","01",1,"","","",0,1,1,0
"pc002na010101","pc002n","","pch002a","","01","01","01",1,"","","",0,1,1,0
"pc002oa010101","pc002o","","pch002a","","01","01","01",1,"","","",0,1,1,0
"pc002qa010101","pc002q","","pch002a","","01","01","01",1,"","","",0,1,1,0
"pc002ra010101","pc002r","","pch002a","","01","01","01",1,"","","",0,1,1,0
"pc002ta010101","pc002t","","pch002a","","01","01","01",1,"","","",0,1,1,0
"pc002ua010101","pc002u","","pch002a","","01","01","01",1,"","","",0,1,1,0
"pc011aa010101","pc011a","","pch011a","","01","01","01",1,"","","",0,1,1,0
"pc012aa010101","pc012a","","pch012a","","01","01","01",1,"","","",0,1,1,0
"pc021aa010101","pc021a","","pch021a","","01","01","01",1,"","","",0,1,1,0
"pc022aa010101","pc022a","","pch022a","","01","01","01",1,"","","",0,1,1,0
"pc001bb010101","pc001b","","pch001b","","01","01","01",1,"","","",0,1,1,0
"pc002bb010101","pc002b","","pch002b","","01","01","01",1,"","","",0,1,1,0
"npc101aa010101","npc101a","","npch101a","","01","01","01",1,"","","",0,1,1,1
"npc101aa010102","npc101a","","npch101a","","01","01","02",1,"","","",0,1,1,1
"npc101aa010103","npc101a","","npch101a","","01","01","03",1,"","","",0,1,1,1
"npc101aa010104","npc101a","","npch101a","","01","01","04",1,"","","",0,1,1,1
"npc101aa010201","npc101a","","npch101a","","01","02","01",1,"","","",0,1,1,1
"npc101aa010202","npc101a","","npch101a","","01","02","02",1,"","","",0,1,1,1
"npc101aa010203","npc101a","","npch101a","","01","02","03",1,"","","",0,1,1,1
"npc101aa010204","npc101a","","npch101a","","01","02","04",1,"","","",0,1,1,1
"npc101aa010301","npc101a","","npch101a","","01","03","01",1,"","","",0,1,1,1
"npc101aa010302","npc101a","","npch101a","","01","03","02",1,"","","",0,1,1,1
"npc101aa010303","npc101a","","npch101a","","01","03","03",1,"","","",0,1,1,1
"npc101aa010304","npc101a","","npch101a","","01","03","04",1,"","","",0,1,1,1
"npc101ab010101","npc101a","","npch101b","","01","01","01",1,"","","",0,1,1,1
"npc101ab010102","npc101a","","npch101b","","01","01","02",1,"","","",0,1,1,1
"npc101ab010103","npc101a","","npch101b","","01","01","03",1,"","","",0,1,1,1
"npc101ab010104","npc101a","","npch101b","","01","01","04",1,"","","",0,1,1,1
"npc101ab010201","npc101a","","npch101b","","01","02","01",1,"","","",0,1,1,1
"npc101ab010202","npc101a","","npch101b","","01","02","02",1,"","","",0,1,1,1
"npc101ab010203","npc101a","","npch101b","","01","02","03",1,"","","",0,1,1,1
"npc101ab010204","npc101a","","npch101b","","01","02","04",1,"","","",0,1,1,1
"npc101ab010301","npc101a","","npch101b","","01","03","01",1,"","","",0,1,1,1
"npc101ab010302","npc101a","","npch101b","","01","03","02",1,"","","",0,1,1,1
"npc101ab010303","npc101a","","npch101b","","01","03","03",1,"","","",0,1,1,1
"npc101ab010304","npc101a","","npch101b","","01","03","04",1,"","","",0,1,1,1
"npc101ac010101","npc101a","","npch101c","","01","01","01",1,"","","",0,1,1,1
"npc101ac010102","npc101a","","npch101c","","01","01","02",1,"","","",0,1,1,1
"npc101ac010103","npc101a","","npch101c","","01","01","03",1,"","","",0,1,1,1
"npc101ac010104","npc101a","","npch101c","","01","01","04",1,"","","",0,1,1,1
"npc101ac010201","npc101a","","npch101c","","01","02","01",1,"","","",0,1,1,1
"npc101ac010202","npc101a","","npch101c","","01","02","02",1,"","","",0,1,1,1
"npc101ac010203","npc101a","","npch101c","","01","02","03",1,"","","",0,1,1,1
"npc101ac010204","npc101a","","npch101c","","01","02","04",1,"","","",0,1,1,1
"npc101ac010301","npc101a","","npch101c","","01","03","01",1,"","","",0,1,1,1
"npc101ac010302","npc101a","","npch101c","","01","03","02",1,"","","",0,1,1,1
"npc101ac010303","npc101a","","npch101c","","01","03","03",1,"","","",0,1,1,1
"npc101ac010304","npc101a","","npch101c","","01","03","04",1,"","","",0,1,1,1
"npc101ad010101","npc101a","","npch101d","","01","01","01",1,"","","",0,1,1,1
"npc101ad010102","npc101a","","npch101d","","01","01","02",1,"","","",0,1,1,1
"npc101ad010103","npc101a","","npch101d","","01","01","03",1,"","","",0,1,1,1
"npc101ad010104","npc101a","","npch101d","","01","01","04",1,"","","",0,1,1,1
"npc101ad010201","npc101a","","npch101d","","01","02","01",1,"","","",0,1,1,1
"npc101ad010202","npc101a","","npch101d","","01","02","02",1,"","","",0,1,1,1
"npc101ad010203","npc101a","","npch101d","","01","02","03",1,"","","",0,1,1,1
"npc101ad010204","npc101a","","npch101d","","01","02","04",1,"","","",0,1,1,1
"npc101ad010301","npc101a","","npch101d","","01","03","01",1,"","","",0,1,1,1
"npc101ad010302","npc101a","","npch101d","","01","03","02",1,"","","",0,1,1,1
"npc101ad010303","npc101a","","npch101d","","01","03","03",1,"","","",0,1,1,1
"npc101ad010304","npc101a","","npch101d","","01","03","04",1,"","","",0,1,1,1
"npc101ba010101","npc101b","","npch101a","","01","01","01",1,"","","",0,1,1,1
"npc101ba010102","npc101b","","npch101a","","01","01","02",1,"","","",0,1,1,1
"npc101ba010103","npc101b","","npch101a","","01","01","03",1,"","","",0,1,1,1
"npc101ba010104","npc101b","","npch101a","","01","01","04",1,"","","",0,1,1,1
"npc101ba010201","npc101b","","npch101a","","01","02","01",1,"","","",0,1,1,1
"npc101ba010202","npc101b","","npch101a","","01","02","02",1,"","","",0,1,1,1
"npc101ba010203","npc101b","","npch101a","","01","02","03",1,"","","",0,1,1,1
"npc101ba010204","npc101b","","npch101a","","01","02","04",1,"","","",0,1,1,1
"npc101ba010301","npc101b","","npch101a","","01","03","01",1,"","","",0,1,1,1
"npc101ba010302","npc101b","","npch101a","","01","03","02",1,"","","",0,1,1,1
"npc101ba010303","npc101b","","npch101a","","01","03","03",1,"","","",0,1,1,1
"npc101ba010304","npc101b","","npch101a","","01","03","04",1,"","","",0,1,1,1
"npc101bb010101","npc101b","","npch101b","","01","01","01",1,"","","",0,1,1,1
"npc101bb010102","npc101b","","npch101b","","01","01","02",1,"","","",0,1,1,1
"npc101bb010103","npc101b","","npch101b","","01","01","03",1,"","","",0,1,1,1
"npc101bb010104","npc101b","","npch101b","","01","01","04",1,"","","",0,1,1,1
"npc101bb010201","npc101b","","npch101b","","01","02","01",1,"","","",0,1,1,1
"npc101bb010202","npc101b","","npch101b","","01","02","02",1,"","","",0,1,1,1
"npc101bb010203","npc101b","","npch101b","","01","02","03",1,"","","",0,1,1,1
"npc101bb010204","npc101b","","npch101b","","01","02","04",1,"","","",0,1,1,1
"npc101bb010301","npc101b","","npch101b","","01","03","01",1,"","","",0,1,1,1
"npc101bb010302","npc101b","","npch101b","","01","03","02",1,"","","",0,1,1,1
"npc101bb010303","npc101b","","npch101b","","01","03","03",1,"","","",0,1,1,1
"npc101bb010304","npc101b","","npch101b","","01","03","04",1,"","","",0,1,1,1
"npc101bc010101","npc101b","","npch101c","","01","01","01",1,"","","",0,1,1,1
"npc101bc010102","npc101b","","npch101c","","01","01","02",1,"","","",0,1,1,1
"npc101bc010103","npc101b","","npch101c","","01","01","03",1,"","","",0,1,1,1
"npc101bc010104","npc101b","","npch101c","","01","01","04",1,"","","",0,1,1,1
"npc101bc010201","npc101b","","npch101c","","01","02","01",1,"","","",0,1,1,1
"npc101bc010202","npc101b","","npch101c","","01","02","02",1,"","","",0,1,1,1
"npc101bc010203","npc101b","","npch101c","","01","02","03",1,"","","",0,1,1,1
"npc101bc010204","npc101b","","npch101c","","01","02","04",1,"","","",0,1,1,1
"npc101bc010301","npc101b","","npch101c","","01","03","01",1,"","","",0,1,1,1
"npc101bc010302","npc101b","","npch101c","","01","03","02",1,"","","",0,1,1,1
"npc101bc010303","npc101b","","npch101c","","01","03","03",1,"","","",0,1,1,1
"npc101bc010304","npc101b","","npch101c","","01","03","04",1,"","","",0,1,1,1
"npc101bd010101","npc101b","","npch101d","","01","01","01",1,"","","",0,1,1,1
"npc101bd010102","npc101b","","npch101d","","01","01","02",1,"","","",0,1,1,1
"npc101bd010103","npc101b","","npch101d","","01","01","03",1,"","","",0,1,1,1
"npc101bd010104","npc101b","","npch101d","","01","01","04",1,"","","",0,1,1,1
"npc101bd010201","npc101b","","npch101d","","01","02","01",1,"","","",0,1,1,1
"npc101bd010202","npc101b","","npch101d","","01","02","02",1,"","","",0,1,1,1
"npc101bd010203","npc101b","","npch101d","","01","02","03",1,"","","",0,1,1,1
"npc101bd010204","npc101b","","npch101d","","01","02","04",1,"","","",0,1,1,1
"npc101bd010301","npc101b","","npch101d","","01","03","01",1,"","","",0,1,1,1
"npc101bd010302","npc101b","","npch101d","","01","03","02",1,"","","",0,1,1,1
"npc101bd010303","npc101b","","npch101d","","01","03","03",1,"","","",0,1,1,1
"npc101bd010304","npc101b","","npch101d","","01","03","04",1,"","","",0,1,1,1
"npc101ca010101","npc101c","","npch101a","","01","01","01",1,"","","",0,1,1,1
"npc101ca010102","npc101c","","npch101a","","01","01","02",1,"","","",0,1,1,1
"npc101ca010103","npc101c","","npch101a","","01","01","03",1,"","","",0,1,1,1
"npc101ca010104","npc101c","","npch101a","","01","01","04",1,"","","",0,1,1,1
"npc101ca010201","npc101c","","npch101a","","01","02","01",1,"","","",0,1,1,1
"npc101ca010202","npc101c","","npch101a","","01","02","02",1,"","","",0,1,1,1
"npc101ca010203","npc101c","","npch101a","","01","02","03",1,"","","",0,1,1,1
"npc101ca010204","npc101c","","npch101a","","01","02","04",1,"","","",0,1,1,1
"npc101ca010301","npc101c","","npch101a","","01","03","01",1,"","","",0,1,1,1
"npc101ca010302","npc101c","","npch101a","","01","03","02",1,"","","",0,1,1,1
"npc101ca010303","npc101c","","npch101a","","01","03","03",1,"","","",0,1,1,1
"npc101ca010304","npc101c","","npch101a","","01","03","04",1,"","","",0,1,1,1
"npc101cb010101","npc101c","","npch101b","","01","01","01",1,"","","",0,1,1,1
"npc101cb010102","npc101c","","npch101b","","01","01","02",1,"","","",0,1,1,1
"npc101cb010103","npc101c","","npch101b","","01","01","03",1,"","","",0,1,1,1
"npc101cb010104","npc101c","","npch101b","","01","01","04",1,"","","",0,1,1,1
"npc101cb010201","npc101c","","npch101b","","01","02","01",1,"","","",0,1,1,1
"npc101cb010202","npc101c","","npch101b","","01","02","02",1,"","","",0,1,1,1
"npc101cb010203","npc101c","","npch101b","","01","02","03",1,"","","",0,1,1,1
"npc101cb010204","npc101c","","npch101b","","01","02","04",1,"","","",0,1,1,1
"npc101cb010301","npc101c","","npch101b","","01","03","01",1,"","","",0,1,1,1
"npc101cb010302","npc101c","","npch101b","","01","03","02",1,"","","",0,1,1,1
"npc101cb010303","npc101c","","npch101b","","01","03","03",1,"","","",0,1,1,1
"npc101cb010304","npc101c","","npch101b","","01","03","04",1,"","","",0,1,1,1
"npc101cc010101","npc101c","","npch101c","","01","01","01",1,"","","",0,1,1,1
"npc101cc010102","npc101c","","npch101c","","01","01","02",1,"","","",0,1,1,1
"npc101cc010103","npc101c","","npch101c","","01","01","03",1,"","","",0,1,1,1
"npc101cc010104","npc101c","","npch101c","","01","01","04",1,"","","",0,1,1,1
"npc101cc010201","npc101c","","npch101c","","01","02","01",1,"","","",0,1,1,1
"npc101cc010202","npc101c","","npch101c","","01","02","02",1,"","","",0,1,1,1
"npc101cc010203","npc101c","","npch101c","","01","02","03",1,"","","",0,1,1,1
"npc101cc010204","npc101c","","npch101c","","01","02","04",1,"","","",0,1,1,1
"npc101cc010301","npc101c","","npch101c","","01","03","01",1,"","","",0,1,1,1
"npc101cc010302","npc101c","","npch101c","","01","03","02",1,"","","",0,1,1,1
"npc101cc010303","npc101c","","npch101c","","01","03","03",1,"","","",0,1,1,1
"npc101cc010304","npc101c","","npch101c","","01","03","04",1,"","","",0,1,1,1
"npc101cd010101","npc101c","","npch101d","","01","01","01",1,"","","",0,1,1,1
"npc101cd010102","npc101c","","npch101d","","01","01","02",1,"","","",0,1,1,1
"npc101cd010103","npc101c","","npch101d","","01","01","03",1,"","","",0,1,1,1
"npc101cd010104","npc101c","","npch101d","","01","01","04",1,"","","",0,1,1,1
"npc101cd010201","npc101c","","npch101d","","01","02","01",1,"","","",0,1,1,1
"npc101cd010202","npc101c","","npch101d","","01","02","02",1,"","","",0,1,1,1
"npc101cd010203","npc101c","","npch101d","","01","02","03",1,"","","",0,1,1,1
"npc101cd010204","npc101c","","npch101d","","01","02","04",1,"","","",0,1,1,1
"npc101cd010301","npc101c","","npch101d","","01","03","01",1,"","","",0,1,1,1
"npc101cd010302","npc101c","","npch101d","","01","03","02",1,"","","",0,1,1,1
"npc101cd010303","npc101c","","npch101d","","01","03","03",1,"","","",0,1,1,1
"npc101cd010304","npc101c","","npch101d","","01","03","04",1,"","","",0,1,1,1
"npc101da010101","npc101d","","npch101a","","01","01","01",1,"","","",0,1,1,1
"npc101da010102","npc101d","","npch101a","","01","01","02",1,"","","",0,1,1,1
"npc101da010103","npc101d","","npch101a","","01","01","03",1,"","","",0,1,1,1
"npc101da010104","npc101d","","npch101a","","01","01","04",1,"","","",0,1,1,1
"npc101da010201","npc101d","","npch101a","","01","02","01",1,"","","",0,1,1,1
"npc101da010202","npc101d","","npch101a","","01","02","02",1,"","","",0,1,1,1
"npc101da010203","npc101d","","npch101a","","01","02","03",1,"","","",0,1,1,1
"npc101da010204","npc101d","","npch101a","","01","02","04",1,"","","",0,1,1,1
"npc101da010301","npc101d","","npch101a","","01","03","01",1,"","","",0,1,1,1
"npc101da010302","npc101d","","npch101a","","01","03","02",1,"","","",0,1,1,1
"npc101da010303","npc101d","","npch101a","","01","03","03",1,"","","",0,1,1,1
"npc101da010304","npc101d","","npch101a","","01","03","04",1,"","","",0,1,1,1
"npc101db010101","npc101d","","npch101b","","01","01","01",1,"","","",0,1,1,1
"npc101db010102","npc101d","","npch101b","","01","01","02",1,"","","",0,1,1,1
"npc101db010103","npc101d","","npch101b","","01","01","03",1,"","","",0,1,1,1
"npc101db010104","npc101d","","npch101b","","01","01","04",1,"","","",0,1,1,1
"npc101db010201","npc101d","","npch101b","","01","02","01",1,"","","",0,1,1,1
"npc101db010202","npc101d","","npch101b","","01","02","02",1,"","","",0,1,1,1
"npc101db010203","npc101d","","npch101b","","01","02","03",1,"","","",0,1,1,1
"npc101db010204","npc101d","","npch101b","","01","02","04",1,"","","",0,1,1,1
"npc101db010301","npc101d","","npch101b","","01","03","01",1,"","","",0,1,1,1
"npc101db010302","npc101d","","npch101b","","01","03","02",1,"","","",0,1,1,1
"npc101db010303","npc101d","","npch101b","","01","03","03",1,"","","",0,1,1,1
"npc101db010304","npc101d","","npch101b","","01","03","04",1,"","","",0,1,1,1
"npc101dc010101","npc101d","","npch101c","","01","01","01",1,"","","",0,1,1,1
"npc101dc010102","npc101d","","npch101c","","01","01","02",1,"","","",0,1,1,1
"npc101dc010103","npc101d","","npch101c","","01","01","03",1,"","","",0,1,1,1
"npc101dc010104","npc101d","","npch101c","","01","01","04",1,"","","",0,1,1,1
"npc101dc010201","npc101d","","npch101c","","01","02","01",1,"","","",0,1,1,1
"npc101dc010202","npc101d","","npch101c","","01","02","02",1,"","","",0,1,1,1
"npc101dc010203","npc101d","","npch101c","","01","02","03",1,"","","",0,1,1,1
"npc101dc010204","npc101d","","npch101c","","01","02","04",1,"","","",0,1,1,1
"npc101dc010301","npc101d","","npch101c","","01","03","01",1,"","","",0,1,1,1
"npc101dc010302","npc101d","","npch101c","","01","03","02",1,"","","",0,1,1,1
"npc101dc010303","npc101d","","npch101c","","01","03","03",1,"","","",0,1,1,1
"npc101dc010304","npc101d","","npch101c","","01","03","04",1,"","","",0,1,1,1
"npc101dd010101","npc101d","","npch101d","","01","01","01",1,"","","",0,1,1,1
"npc101dd010102","npc101d","","npch101d","","01","01","02",1,"","","",0,1,1,1
"npc101dd010103","npc101d","","npch101d","","01","01","03",1,"","","",0,1,1,1
"npc101dd010104","npc101d","","npch101d","","01","01","04",1,"","","",0,1,1,1
"npc101dd010201","npc101d","","npch101d","","01","02","01",1,"","","",0,1,1,1
"npc101dd010202","npc101d","","npch101d","","01","02","02",1,"","","",0,1,1,1
"npc101dd010203","npc101d","","npch101d","","01","02","03",1,"","","",0,1,1,1
"npc101dd010204","npc101d","","npch101d","","01","02","04",1,"","","",0,1,1,1
"npc101dd010301","npc101d","","npch101d","","01","03","01",1,"","","",0,1,1,1
"npc101dd010302","npc101d","","npch101d","","01","03","02",1,"","","",0,1,1,1
"npc101dd010303","npc101d","","npch101d","","01","03","03",1,"","","",0,1,1,1
"npc101dd010304","npc101d","","npch101d","","01","03","04",1,"","","",0,1,1,1
"npc101da020101","npc101d","","npch101a","","02","01","01",1,"","","",0,1,1,1
"npc101da020102","npc101d","","npch101a","","02","01","02",1,"","","",0,1,1,1
"npc101da020103","npc101d","","npch101a","","02","01","03",1,"","","",0,1,1,1
"npc101da020104","npc101d","","npch101a","","02","01","04",1,"","","",0,1,1,1
"npc101da020201","npc101d","","npch101a","","02","02","01",1,"","","",0,1,1,1
"npc101da020202","npc101d","","npch101a","","02","02","02",1,"","","",0,1,1,1
"npc101da020203","npc101d","","npch101a","","02","02","03",1,"","","",0,1,1,1
"npc101da020204","npc101d","","npch101a","","02","02","04",1,"","","",0,1,1,1
"npc101da020301","npc101d","","npch101a","","02","03","01",1,"","","",0,1,1,1
"npc101da020302","npc101d","","npch101a","","02","03","02",1,"","","",0,1,1,1
"npc101da020303","npc101d","","npch101a","","02","03","03",1,"","","",0,1,1,1
"npc101da020304","npc101d","","npch101a","","02","03","04",1,"","","",0,1,1,1
"npc101db020101","npc101d","","npch101b","","02","01","01",1,"","","",0,1,1,1
"npc101db020102","npc101d","","npch101b","","02","01","02",1,"","","",0,1,1,1
"npc101db020103","npc101d","","npch101b","","02","01","03",1,"","","",0,1,1,1
"npc101db020104","npc101d","","npch101b","","02","01","04",1,"","","",0,1,1,1
"npc101db020201","npc101d","","npch101b","","02","02","01",1,"","","",0,1,1,1
"npc101db020202","npc101d","","npch101b","","02","02","02",1,"","","",0,1,1,1
"npc101db020203","npc101d","","npch101b","","02","02","03",1,"","","",0,1,1,1
"npc101db020204","npc101d","","npch101b","","02","02","04",1,"","","",0,1,1,1
"npc101db020301","npc101d","","npch101b","","02","03","01",1,"","","",0,1,1,1
"npc101db020302","npc101d","","npch101b","","02","03","02",1,"","","",0,1,1,1
"npc101db020303","npc101d","","npch101b","","02","03","03",1,"","","",0,1,1,1
"npc101db020304","npc101d","","npch101b","","02","03","04",1,"","","",0,1,1,1
"npc101dc020101","npc101d","","npch101c","","02","01","01",1,"","","",0,1,1,1
"npc101dc020102","npc101d","","npch101c","","02","01","02",1,"","","",0,1,1,1
"npc101dc020103","npc101d","","npch101c","","02","01","03",1,"","","",0,1,1,1
"npc101dc020104","npc101d","","npch101c","","02","01","04",1,"","","",0,1,1,1
"npc101dc020201","npc101d","","npch101c","","02","02","01",1,"","","",0,1,1,1
"npc101dc020202","npc101d","","npch101c","","02","02","02",1,"","","",0,1,1,1
"npc101dc020203","npc101d","","npch101c","","02","02","03",1,"","","",0,1,1,1
"npc101dc020204","npc101d","","npch101c","","02","02","04",1,"","","",0,1,1,1
"npc101dc020301","npc101d","","npch101c","","02","03","01",1,"","","",0,1,1,1
"npc101dc020302","npc101d","","npch101c","","02","03","02",1,"","","",0,1,1,1
"npc101dc020303","npc101d","","npch101c","","02","03","03",1,"","","",0,1,1,1
"npc101dc020304","npc101d","","npch101c","","02","03","04",1,"","","",0,1,1,1
"npc101dd020101","npc101d","","npch101d","","02","01","01",1,"","","",0,1,1,1
"npc101dd020102","npc101d","","npch101d","","02","01","02",1,"","","",0,1,1,1
"npc101dd020103","npc101d","","npch101d","","02","01","03",1,"","","",0,1,1,1
"npc101dd020104","npc101d","","npch101d","","02","01","04",1,"","","",0,1,1,1
"npc101dd020201","npc101d","","npch101d","","02","02","01",1,"","","",0,1,1,1
"npc101dd020202","npc101d","","npch101d","","02","02","02",1,"","","",0,1,1,1
"npc101dd020203","npc101d","","npch101d","","02","02","03",1,"","","",0,1,1,1
"npc101dd020204","npc101d","","npch101d","","02","02","04",1,"","","",0,1,1,1
"npc101dd020301","npc101d","","npch101d","","02","03","01",1,"","","",0,1,1,1
"npc101dd020302","npc101d","","npch101d","","02","03","02",1,"","","",0,1,1,1
"npc101dd020303","npc101d","","npch101d","","02","03","03",1,"","","",0,1,1,1
"npc101dd020304","npc101d","","npch101d","","02","03","04",1,"","","",0,1,1,1
"npc101da030101","npc101d","","npch101a","","03","01","01",1,"","","",0,1,1,1
"npc101da030102","npc101d","","npch101a","","03","01","02",1,"","","",0,1,1,1
"npc101da030103","npc101d","","npch101a","","03","01","03",1,"","","",0,1,1,1
"npc101da030104","npc101d","","npch101a","","03","01","04",1,"","","",0,1,1,1
"npc101da030201","npc101d","","npch101a","","03","02","01",1,"","","",0,1,1,1
"npc101da030202","npc101d","","npch101a","","03","02","02",1,"","","",0,1,1,1
"npc101da030203","npc101d","","npch101a","","03","02","03",1,"","","",0,1,1,1
"npc101da030204","npc101d","","npch101a","","03","02","04",1,"","","",0,1,1,1
"npc101da030301","npc101d","","npch101a","","03","03","01",1,"","","",0,1,1,1
"npc101da030302","npc101d","","npch101a","","03","03","02",1,"","","",0,1,1,1
"npc101da030303","npc101d","","npch101a","","03","03","03",1,"","","",0,1,1,1
"npc101da030304","npc101d","","npch101a","","03","03","04",1,"","","",0,1,1,1
"npc101db030101","npc101d","","npch101b","","03","01","01",1,"","","",0,1,1,1
"npc101db030102","npc101d","","npch101b","","03","01","02",1,"","","",0,1,1,1
"npc101db030103","npc101d","","npch101b","","03","01","03",1,"","","",0,1,1,1
"npc101db030104","npc101d","","npch101b","","03","01","04",1,"","","",0,1,1,1
"npc101db030201","npc101d","","npch101b","","03","02","01",1,"","","",0,1,1,1
"npc101db030202","npc101d","","npch101b","","03","02","02",1,"","","",0,1,1,1
"npc101db030203","npc101d","","npch101b","","03","02","03",1,"","","",0,1,1,1
"npc101db030204","npc101d","","npch101b","","03","02","04",1,"","","",0,1,1,1
"npc101db030301","npc101d","","npch101b","","03","03","01",1,"","","",0,1,1,1
"npc101db030302","npc101d","","npch101b","","03","03","02",1,"","","",0,1,1,1
"npc101db030303","npc101d","","npch101b","","03","03","03",1,"","","",0,1,1,1
"npc101db030304","npc101d","","npch101b","","03","03","04",1,"","","",0,1,1,1
"npc101dc030101","npc101d","","npch101c","","03","01","01",1,"","","",0,1,1,1
"npc101dc030102","npc101d","","npch101c","","03","01","02",1,"","","",0,1,1,1
"npc101dc030103","npc101d","","npch101c","","03","01","03",1,"","","",0,1,1,1
"npc101dc030104","npc101d","","npch101c","","03","01","04",1,"","","",0,1,1,1
"npc101dc030201","npc101d","","npch101c","","03","02","01",1,"","","",0,1,1,1
"npc101dc030202","npc101d","","npch101c","","03","02","02",1,"","","",0,1,1,1
"npc101dc030203","npc101d","","npch101c","","03","02","03",1,"","","",0,1,1,1
"npc101dc030204","npc101d","","npch101c","","03","02","04",1,"","","",0,1,1,1
"npc101dc030301","npc101d","","npch101c","","03","03","01",1,"","","",0,1,1,1
"npc101dc030302","npc101d","","npch101c","","03","03","02",1,"","","",0,1,1,1
"npc101dc030303","npc101d","","npch101c","","03","03","03",1,"","","",0,1,1,1
"npc101dc030304","npc101d","","npch101c","","03","03","04",1,"","","",0,1,1,1
"npc101dd030101","npc101d","","npch101d","","03","01","01",1,"","","",0,1,1,1
"npc101dd030102","npc101d","","npch101d","","03","01","02",1,"","","",0,1,1,1
"npc101dd030103","npc101d","","npch101d","","03","01","03",1,"","","",0,1,1,1
"npc101dd030104","npc101d","","npch101d","","03","01","04",1,"","","",0,1,1,1
"npc101dd030201","npc101d","","npch101d","","03","02","01",1,"","","",0,1,1,1
"npc101dd030202","npc101d","","npch101d","","03","02","02",1,"","","",0,1,1,1
"npc101dd030203","npc101d","","npch101d","","03","02","03",1,"","","",0,1,1,1
"npc101dd030204","npc101d","","npch101d","","03","02","04",1,"","","",0,1,1,1
"npc101dd030301","npc101d","","npch101d","","03","03","01",1,"","","",0,1,1,1
"npc101dd030302","npc101d","","npch101d","","03","03","02",1,"","","",0,1,1,1
"npc101dd030303","npc101d","","npch101d","","03","03","03",1,"","","",0,1,1,1
"npc101dd030304","npc101d","","npch101d","","03","03","04",1,"","","",0,1,1,1
"npc101ea010101","npc101e","","npch101a","","01","01","01",1,"","","",0,1,1,1
"npc101ea010102","npc101e","","npch101a","","01","01","02",1,"","","",0,1,1,1
"npc101ea010103","npc101e","","npch101a","","01","01","03",1,"","","",0,1,1,1
"npc101ea010104","npc101e","","npch101a","","01","01","04",1,"","","",0,1,1,1
"npc101ea010201","npc101e","","npch101a","","01","02","01",1,"","","",0,1,1,1
"npc101ea010202","npc101e","","npch101a","","01","02","02",1,"","","",0,1,1,1
"npc101ea010203","npc101e","","npch101a","","01","02","03",1,"","","",0,1,1,1
"npc101ea010204","npc101e","","npch101a","","01","02","04",1,"","","",0,1,1,1
"npc101ea010301","npc101e","","npch101a","","01","03","01",1,"","","",0,1,1,1
"npc101ea010302","npc101e","","npch101a","","01","03","02",1,"","","",0,1,1,1
"npc101ea010303","npc101e","","npch101a","","01","03","03",1,"","","",0,1,1,1
"npc101ea010304","npc101e","","npch101a","","01","03","04",1,"","","",0,1,1,1
"npc101eb010101","npc101e","","npch101b","","01","01","01",1,"","","",0,1,1,1
"npc101eb010102","npc101e","","npch101b","","01","01","02",1,"","","",0,1,1,1
"npc101eb010103","npc101e","","npch101b","","01","01","03",1,"","","",0,1,1,1
"npc101eb010104","npc101e","","npch101b","","01","01","04",1,"","","",0,1,1,1
"npc101eb010201","npc101e","","npch101b","","01","02","01",1,"","","",0,1,1,1
"npc101eb010202","npc101e","","npch101b","","01","02","02",1,"","","",0,1,1,1
"npc101eb010203","npc101e","","npch101b","","01","02","03",1,"","","",0,1,1,1
"npc101eb010204","npc101e","","npch101b","","01","02","04",1,"","","",0,1,1,1
"npc101eb010301","npc101e","","npch101b","","01","03","01",1,"","","",0,1,1,1
"npc101eb010302","npc101e","","npch101b","","01","03","02",1,"","","",0,1,1,1
"npc101eb010303","npc101e","","npch101b","","01","03","03",1,"","","",0,1,1,1
"npc101eb010304","npc101e","","npch101b","","01","03","04",1,"","","",0,1,1,1
"npc101ec010101","npc101e","","npch101c","","01","01","01",1,"","","",0,1,1,1
"npc101ec010102","npc101e","","npch101c","","01","01","02",1,"","","",0,1,1,1
"npc101ec010103","npc101e","","npch101c","","01","01","03",1,"","","",0,1,1,1
"npc101ec010104","npc101e","","npch101c","","01","01","04",1,"","","",0,1,1,1
"npc101ec010201","npc101e","","npch101c","","01","02","01",1,"","","",0,1,1,1
"npc101ec010202","npc101e","","npch101c","","01","02","02",1,"","","",0,1,1,1
"npc101ec010203","npc101e","","npch101c","","01","02","03",1,"","","",0,1,1,1
"npc101ec010204","npc101e","","npch101c","","01","02","04",1,"","","",0,1,1,1
"npc101ec010301","npc101e","","npch101c","","01","03","01",1,"","","",0,1,1,1
"npc101ec010302","npc101e","","npch101c","","01","03","02",1,"","","",0,1,1,1
"npc101ec010303","npc101e","","npch101c","","01","03","03",1,"","","",0,1,1,1
"npc101ec010304","npc101e","","npch101c","","01","03","04",1,"","","",0,1,1,1
"npc101ed010101","npc101e","","npch101d","","01","01","01",1,"","","",0,1,1,1
"npc101ed010102","npc101e","","npch101d","","01","01","02",1,"","","",0,1,1,1
"npc101ed010103","npc101e","","npch101d","","01","01","03",1,"","","",0,1,1,1
"npc101ed010104","npc101e","","npch101d","","01","01","04",1,"","","",0,1,1,1
"npc101ed010201","npc101e","","npch101d","","01","02","01",1,"","","",0,1,1,1
"npc101ed010202","npc101e","","npch101d","","01","02","02",1,"","","",0,1,1,1
"npc101ed010203","npc101e","","npch101d","","01","02","03",1,"","","",0,1,1,1
"npc101ed010204","npc101e","","npch101d","","01","02","04",1,"","","",0,1,1,1
"npc101ed010301","npc101e","","npch101d","","01","03","01",1,"","","",0,1,1,1
"npc101ed010302","npc101e","","npch101d","","01","03","02",1,"","","",0,1,1,1
"npc101ed010303","npc101e","","npch101d","","01","03","03",1,"","","",0,1,1,1
"npc101ed010304","npc101e","","npch101d","","01","03","04",1,"","","",0,1,1,1
"npc102aa010101","npc102a","","npch102a","","01","01","01",1,"","","",0,1,1,1
"npc102aa010102","npc102a","","npch102a","","01","01","02",1,"","","",0,1,1,1
"npc102aa010103","npc102a","","npch102a","","01","01","03",1,"","","",0,1,1,1
"npc102aa010201","npc102a","","npch102a","","01","02","01",1,"","","",0,1,1,1
"npc102aa010202","npc102a","","npch102a","","01","02","02",1,"","","",0,1,1,1
"npc102aa010203","npc102a","","npch102a","","01","02","03",1,"","","",0,1,1,1
"npc102aa010301","npc102a","","npch102a","","01","03","01",1,"","","",0,1,1,1
"npc102aa010302","npc102a","","npch102a","","01","03","02",1,"","","",0,1,1,1
"npc102aa010303","npc102a","","npch102a","","01","03","03",1,"","","",0,1,1,1
"npc102aa020101","npc102a","","npch102a","","02","01","01",1,"","","",0,1,1,1
"npc102aa020102","npc102a","","npch102a","","02","01","02",1,"","","",0,1,1,1
"npc102aa020103","npc102a","","npch102a","","02","01","03",1,"","","",0,1,1,1
"npc102aa020201","npc102a","","npch102a","","02","02","01",1,"","","",0,1,1,1
"npc102aa020202","npc102a","","npch102a","","02","02","02",1,"","","",0,1,1,1
"npc102aa020203","npc102a","","npch102a","","02","02","03",1,"","","",0,1,1,1
"npc102aa020301","npc102a","","npch102a","","02","03","01",1,"","","",0,1,1,1
"npc102aa020302","npc102a","","npch102a","","02","03","02",1,"","","",0,1,1,1
"npc102aa020303","npc102a","","npch102a","","02","03","03",1,"","","",0,1,1,1
"npc102ab010101","npc102a","","npch102b","","01","01","01",1,"","","",0,1,1,1
"npc102ab010102","npc102a","","npch102b","","01","01","02",1,"","","",0,1,1,1
"npc102ab010103","npc102a","","npch102b","","01","01","03",1,"","","",0,1,1,1
"npc102ab010201","npc102a","","npch102b","","01","02","01",1,"","","",0,1,1,1
"npc102ab010202","npc102a","","npch102b","","01","02","02",1,"","","",0,1,1,1
"npc102ab010203","npc102a","","npch102b","","01","02","03",1,"","","",0,1,1,1
"npc102ab010301","npc102a","","npch102b","","01","03","01",1,"","","",0,1,1,1
"npc102ab010302","npc102a","","npch102b","","01","03","02",1,"","","",0,1,1,1
"npc102ab010303","npc102a","","npch102b","","01","03","03",1,"","","",0,1,1,1
"npc102ab020101","npc102a","","npch102b","","02","01","01",1,"","","",0,1,1,1
"npc102ab020102","npc102a","","npch102b","","02","01","02",1,"","","",0,1,1,1
"npc102ab020103","npc102a","","npch102b","","02","01","03",1,"","","",0,1,1,1
"npc102ab020201","npc102a","","npch102b","","02","02","01",1,"","","",0,1,1,1
"npc102ab020202","npc102a","","npch102b","","02","02","02",1,"","","",0,1,1,1
"npc102ab020203","npc102a","","npch102b","","02","02","03",1,"","","",0,1,1,1
"npc102ab020301","npc102a","","npch102b","","02","03","01",1,"","","",0,1,1,1
"npc102ab020302","npc102a","","npch102b","","02","03","02",1,"","","",0,1,1,1
"npc102ab020303","npc102a","","npch102b","","02","03","03",1,"","","",0,1,1,1
"npc102ac010101","npc102a","","npch102c","","01","01","01",1,"","","",0,1,1,1
"npc102ac010102","npc102a","","npch102c","","01","01","02",1,"","","",0,1,1,1
"npc102ac010103","npc102a","","npch102c","","01","01","03",1,"","","",0,1,1,1
"npc102ac010201","npc102a","","npch102c","","01","02","01",1,"","","",0,1,1,1
"npc102ac010202","npc102a","","npch102c","","01","02","02",1,"","","",0,1,1,1
"npc102ac010203","npc102a","","npch102c","","01","02","03",1,"","","",0,1,1,1
"npc102ac010301","npc102a","","npch102c","","01","03","01",1,"","","",0,1,1,1
"npc102ac010302","npc102a","","npch102c","","01","03","02",1,"","","",0,1,1,1
"npc102ac010303","npc102a","","npch102c","","01","03","03",1,"","","",0,1,1,1
"npc102ac020101","npc102a","","npch102c","","02","01","01",1,"","","",0,1,1,1
"npc102ac020102","npc102a","","npch102c","","02","01","02",1,"","","",0,1,1,1
"npc102ac020103","npc102a","","npch102c","","02","01","03",1,"","","",0,1,1,1
"npc102ac020201","npc102a","","npch102c","","02","02","01",1,"","","",0,1,1,1
"npc102ac020202","npc102a","","npch102c","","02","02","02",1,"","","",0,1,1,1
"npc102ac020203","npc102a","","npch102c","","02","02","03",1,"","","",0,1,1,1
"npc102ac020301","npc102a","","npch102c","","02","03","01",1,"","","",0,1,1,1
"npc102ac020302","npc102a","","npch102c","","02","03","02",1,"","","",0,1,1,1
"npc102ac020303","npc102a","","npch102c","","02","03","03",1,"","","",0,1,1,1
"npc102ba010101","npc102b","","npch102a","","01","01","01",1,"","","",0,1,1,1
"npc102ba010102","npc102b","","npch102a","","01","01","02",1,"","","",0,1,1,1
"npc102ba010103","npc102b","","npch102a","","01","01","03",1,"","","",0,1,1,1
"npc102ba010201","npc102b","","npch102a","","01","02","01",1,"","","",0,1,1,1
"npc102ba010202","npc102b","","npch102a","","01","02","02",1,"","","",0,1,1,1
"npc102ba010203","npc102b","","npch102a","","01","02","03",1,"","","",0,1,1,1
"npc102ba010301","npc102b","","npch102a","","01","03","01",1,"","","",0,1,1,1
"npc102ba010302","npc102b","","npch102a","","01","03","02",1,"","","",0,1,1,1
"npc102ba010303","npc102b","","npch102a","","01","03","03",1,"","","",0,1,1,1
"npc102bb010101","npc102b","","npch102b","","01","01","01",1,"","","",0,1,1,1
"npc102bb010102","npc102b","","npch102b","","01","01","02",1,"","","",0,1,1,1
"npc102bb010103","npc102b","","npch102b","","01","01","03",1,"","","",0,1,1,1
"npc102bb010201","npc102b","","npch102b","","01","02","01",1,"","","",0,1,1,1
"npc102bb010202","npc102b","","npch102b","","01","02","02",1,"","","",0,1,1,1
"npc102bb010203","npc102b","","npch102b","","01","02","03",1,"","","",0,1,1,1
"npc102bb010301","npc102b","","npch102b","","01","03","01",1,"","","",0,1,1,1
"npc102bb010302","npc102b","","npch102b","","01","03","02",1,"","","",0,1,1,1
"npc102bb010303","npc102b","","npch102b","","01","03","03",1,"","","",0,1,1,1
"npc102bc010101","npc102b","","npch102c","","01","01","01",1,"","","",0,1,1,1
"npc102bc010102","npc102b","","npch102c","","01","01","02",1,"","","",0,1,1,1
"npc102bc010103","npc102b","","npch102c","","01","01","03",1,"","","",0,1,1,1
"npc102bc010201","npc102b","","npch102c","","01","02","01",1,"","","",0,1,1,1
"npc102bc010202","npc102b","","npch102c","","01","02","02",1,"","","",0,1,1,1
"npc102bc010203","npc102b","","npch102c","","01","02","03",1,"","","",0,1,1,1
"npc102bc010301","npc102b","","npch102c","","01","03","01",1,"","","",0,1,1,1
"npc102bc010302","npc102b","","npch102c","","01","03","02",1,"","","",0,1,1,1
"npc102bc010303","npc102b","","npch102c","","01","03","03",1,"","","",0,1,1,1
"npc102ca010101","npc102c","","npch102a","","01","01","01",1,"","","",0,1,1,1
"npc102ca010102","npc102c","","npch102a","","01","01","02",1,"","","",0,1,1,1
"npc102ca010103","npc102c","","npch102a","","01","01","03",1,"","","",0,1,1,1
"npc102ca010201","npc102c","","npch102a","","01","02","01",1,"","","",0,1,1,1
"npc102ca010202","npc102c","","npch102a","","01","02","02",1,"","","",0,1,1,1
"npc102ca010203","npc102c","","npch102a","","01","02","03",1,"","","",0,1,1,1
"npc102ca010301","npc102c","","npch102a","","01","03","01",1,"","","",0,1,1,1
"npc102ca010302","npc102c","","npch102a","","01","03","02",1,"","","",0,1,1,1
"npc102ca010303","npc102c","","npch102a","","01","03","03",1,"","","",0,1,1,1
"npc102cb010101","npc102c","","npch102b","","01","01","01",1,"","","",0,1,1,1
"npc102cb010102","npc102c","","npch102b","","01","01","02",1,"","","",0,1,1,1
"npc102cb010103","npc102c","","npch102b","","01","01","03",1,"","","",0,1,1,1
"npc102cb010201","npc102c","","npch102b","","01","02","01",1,"","","",0,1,1,1
"npc102cb010202","npc102c","","npch102b","","01","02","02",1,"","","",0,1,1,1
"npc102cb010203","npc102c","","npch102b","","01","02","03",1,"","","",0,1,1,1
"npc102cb010301","npc102c","","npch102b","","01","03","01",1,"","","",0,1,1,1
"npc102cb010302","npc102c","","npch102b","","01","03","02",1,"","","",0,1,1,1
"npc102cb010303","npc102c","","npch102b","","01","03","03",1,"","","",0,1,1,1
"npc102cc010101","npc102c","","npch102c","","01","01","01",1,"","","",0,1,1,1
"npc102cc010102","npc102c","","npch102c","","01","01","02",1,"","","",0,1,1,1
"npc102cc010103","npc102c","","npch102c","","01","01","03",1,"","","",0,1,1,1
"npc102cc010201","npc102c","","npch102c","","01","02","01",1,"","","",0,1,1,1
"npc102cc010202","npc102c","","npch102c","","01","02","02",1,"","","",0,1,1,1
"npc102cc010203","npc102c","","npch102c","","01","02","03",1,"","","",0,1,1,1
"npc102cc010301","npc102c","","npch102c","","01","03","01",1,"","","",0,1,1,1
"npc102cc010302","npc102c","","npch102c","","01","03","02",1,"","","",0,1,1,1
"npc102cc010303","npc102c","","npch102c","","01","03","03",1,"","","",0,1,1,1
"npc102da010101","npc102d","","npch102a","","01","01","01",1,"","","",0,1,1,1
"npc102da010102","npc102d","","npch102a","","01","01","02",1,"","","",0,1,1,1
"npc102da010103","npc102d","","npch102a","","01","01","03",1,"","","",0,1,1,1
"npc102da010201","npc102d","","npch102a","","01","02","01",1,"","","",0,1,1,1
"npc102da010202","npc102d","","npch102a","","01","02","02",1,"","","",0,1,1,1
"npc102da010203","npc102d","","npch102a","","01","02","03",1,"","","",0,1,1,1
"npc102da010301","npc102d","","npch102a","","01","03","01",1,"","","",0,1,1,1
"npc102da010302","npc102d","","npch102a","","01","03","02",1,"","","",0,1,1,1
"npc102da010303","npc102d","","npch102a","","01","03","03",1,"","","",0,1,1,1
"npc102db010101","npc102d","","npch102b","","01","01","01",1,"","","",0,1,1,1
"npc102db010102","npc102d","","npch102b","","01","01","02",1,"","","",0,1,1,1
"npc102db010103","npc102d","","npch102b","","01","01","03",1,"","","",0,1,1,1
"npc102db010201","npc102d","","npch102b","","01","02","01",1,"","","",0,1,1,1
"npc102db010202","npc102d","","npch102b","","01","02","02",1,"","","",0,1,1,1
"npc102db010203","npc102d","","npch102b","","01","02","03",1,"","","",0,1,1,1
"npc102db010301","npc102d","","npch102b","","01","03","01",1,"","","",0,1,1,1
"npc102db010302","npc102d","","npch102b","","01","03","02",1,"","","",0,1,1,1
"npc102db010303","npc102d","","npch102b","","01","03","03",1,"","","",0,1,1,1
"npc102dc010101","npc102d","","npch102c","","01","01","01",1,"","","",0,1,1,1
"npc102dc010102","npc102d","","npch102c","","01","01","02",1,"","","",0,1,1,1
"npc102dc010103","npc102d","","npch102c","","01","01","03",1,"","","",0,1,1,1
"npc102dc010201","npc102d","","npch102c","","01","02","01",1,"","","",0,1,1,1
"npc102dc010202","npc102d","","npch102c","","01","02","02",1,"","","",0,1,1,1
"npc102dc010203","npc102d","","npch102c","","01","02","03",1,"","","",0,1,1,1
"npc102dc010301","npc102d","","npch102c","","01","03","01",1,"","","",0,1,1,1
"npc102dc010302","npc102d","","npch102c","","01","03","02",1,"","","",0,1,1,1
"npc102dc010303","npc102d","","npch102c","","01","03","03",1,"","","",0,1,1,1
"npc102ea010101","npc102e","","npch102a","","01","01","01",1,"","","",0,1,1,1
"npc102ea010102","npc102e","","npch102a","","01","01","02",1,"","","",0,1,1,1
"npc102ea010103","npc102e","","npch102a","","01","01","03",1,"","","",0,1,1,1
"npc102ea010201","npc102e","","npch102a","","01","02","01",1,"","","",0,1,1,1
"npc102ea010202","npc102e","","npch102a","","01","02","02",1,"","","",0,1,1,1
"npc102ea010203","npc102e","","npch102a","","01","02","03",1,"","","",0,1,1,1
"npc102ea010301","npc102e","","npch102a","","01","03","01",1,"","","",0,1,1,1
"npc102ea010302","npc102e","","npch102a","","01","03","02",1,"","","",0,1,1,1
"npc102ea010303","npc102e","","npch102a","","01","03","03",1,"","","",0,1,1,1
"npc102eb010101","npc102e","","npch102b","","01","01","01",1,"","","",0,1,1,1
"npc102eb010102","npc102e","","npch102b","","01","01","02",1,"","","",0,1,1,1
"npc102eb010103","npc102e","","npch102b","","01","01","03",1,"","","",0,1,1,1
"npc102eb010201","npc102e","","npch102b","","01","02","01",1,"","","",0,1,1,1
"npc102eb010202","npc102e","","npch102b","","01","02","02",1,"","","",0,1,1,1
"npc102eb010203","npc102e","","npch102b","","01","02","03",1,"","","",0,1,1,1
"npc102eb010301","npc102e","","npch102b","","01","03","01",1,"","","",0,1,1,1
"npc102eb010302","npc102e","","npch102b","","01","03","02",1,"","","",0,1,1,1
"npc102eb010303","npc102e","","npch102b","","01","03","03",1,"","","",0,1,1,1
"npc102ec010101","npc102e","","npch102c","","01","01","01",1,"","","",0,1,1,1
"npc102ec010102","npc102e","","npch102c","","01","01","02",1,"","","",0,1,1,1
"npc102ec010103","npc102e","","npch102c","","01","01","03",1,"","","",0,1,1,1
"npc102ec010201","npc102e","","npch102c","","01","02","01",1,"","","",0,1,1,1
"npc102ec010202","npc102e","","npch102c","","01","02","02",1,"","","",0,1,1,1
"npc102ec010203","npc102e","","npch102c","","01","02","03",1,"","","",0,1,1,1
"npc102ec010301","npc102e","","npch102c","","01","03","01",1,"","","",0,1,1,1
"npc102ec010302","npc102e","","npch102c","","01","03","02",1,"","","",0,1,1,1
"npc102ec010303","npc102e","","npch102c","","01","03","03",1,"","","",0,1,1,1
"npc102fa010101","npc102f","","npch102a","","01","01","01",1,"","","",0,1,1,1
"npc102fa010102","npc102f","","npch102a","","01","01","02",1,"","","",0,1,1,1
"npc102fa010103","npc102f","","npch102a","","01","01","03",1,"","","",0,1,1,1
"npc102fa010201","npc102f","","npch102a","","01","02","01",1,"","","",0,1,1,1
"npc102fa010202","npc102f","","npch102a","","01","02","02",1,"","","",0,1,1,1
"npc102fa010203","npc102f","","npch102a","","01","02","03",1,"","","",0,1,1,1
"npc102fa010301","npc102f","","npch102a","","01","03","01",1,"","","",0,1,1,1
"npc102fa010302","npc102f","","npch102a","","01","03","02",1,"","","",0,1,1,1
"npc102fa010303","npc102f","","npch102a","","01","03","03",1,"","","",0,1,1,1
"npc102fb010101","npc102f","","npch102b","","01","01","01",1,"","","",0,1,1,1
"npc102fb010102","npc102f","","npch102b","","01","01","02",1,"","","",0,1,1,1
"npc102fb010103","npc102f","","npch102b","","01","01","03",1,"","","",0,1,1,1
"npc102fb010201","npc102f","","npch102b","","01","02","01",1,"","","",0,1,1,1
"npc102fb010202","npc102f","","npch102b","","01","02","02",1,"","","",0,1,1,1
"npc102fb010203","npc102f","","npch102b","","01","02","03",1,"","","",0,1,1,1
"npc102fb010301","npc102f","","npch102b","","01","03","01",1,"","","",0,1,1,1
"npc102fb010302","npc102f","","npch102b","","01","03","02",1,"","","",0,1,1,1
"npc102fb010303","npc102f","","npch102b","","01","03","03",1,"","","",0,1,1,1
"npc102fc010101","npc102f","","npch102c","","01","01","01",1,"","","",0,1,1,1
"npc102fc010102","npc102f","","npch102c","","01","01","02",1,"","","",0,1,1,1
"npc102fc010103","npc102f","","npch102c","","01","01","03",1,"","","",0,1,1,1
"npc102fc010201","npc102f","","npch102c","","01","02","01",1,"","","",0,1,1,1
"npc102fc010202","npc102f","","npch102c","","01","02","02",1,"","","",0,1,1,1
"npc102fc010203","npc102f","","npch102c","","01","02","03",1,"","","",0,1,1,1
"npc102fc010301","npc102f","","npch102c","","01","03","01",1,"","","",0,1,1,1
"npc102fc010302","npc102f","","npch102c","","01","03","02",1,"","","",0,1,1,1
"npc102fc010303","npc102f","","npch102c","","01","03","03",1,"","","",0,1,1,1
"npc104aa010101","npc104a","","npch104a","","01","01","01",1,"","","",0,1,1,1
"npc104aa010201","npc104a","","npch104a","","01","02","01",1,"","","",0,1,1,1
"npc104ga010101","npc104g","","npch104a","","01","01","01",1,"","","",0,1,1,1
"npc104ga010201","npc104g","","npch104a","","01","02","01",1,"","","",0,1,1,1
"npc105aa010101","npc105a","","npch105a","","01","01","01",1,"","","",0,1,1,1
"npc105aa010102","npc105a","","npch105a","","01","01","02",1,"","","",0,1,1,1
"npc105aa010103","npc105a","","npch105a","","01","01","03",1,"","","",0,1,1,1
"npc105aa010104","npc105a","","npch105a","","01","01","04",1,"","","",0,1,1,1
"npc105aa010105","npc105a","","npch105a","","01","01","05",1,"","","",0,1,1,1
"npc105aa010106","npc105a","","npch105a","","01","01","06",1,"","","",0,1,1,1
"npc105aa010107","npc105a","","npch105a","","01","01","07",1,"","","",0,1,1,1
"npc105ab010101","npc105a","","npch105b","","01","01","01",1,"","","",0,1,1,1
"npc105ab010102","npc105a","","npch105b","","01","01","02",1,"","","",0,1,1,1
"npc105ab010103","npc105a","","npch105b","","01","01","03",1,"","","",0,1,1,1
"npc105ab010104","npc105a","","npch105b","","01","01","04",1,"","","",0,1,1,1
"npc105ab010105","npc105a","","npch105b","","01","01","05",1,"","","",0,1,1,1
"npc105ab010106","npc105a","","npch105b","","01","01","06",1,"","","",0,1,1,1
"npc105ab010107","npc105a","","npch105b","","01","01","07",1,"","","",0,1,1,1
"npc105ac010101","npc105a","","npch105c","","01","01","01",1,"","","",0,1,1,1
"npc105ac010102","npc105a","","npch105c","","01","01","02",1,"","","",0,1,1,1
"npc105ac010103","npc105a","","npch105c","","01","01","03",1,"","","",0,1,1,1
"npc105ac010104","npc105a","","npch105c","","01","01","04",1,"","","",0,1,1,1
"npc105ac010105","npc105a","","npch105c","","01","01","05",1,"","","",0,1,1,1
"npc105ac010106","npc105a","","npch105c","","01","01","06",1,"","","",0,1,1,1
"npc105ac010107","npc105a","","npch105c","","01","01","07",1,"","","",0,1,1,1
"npc105ad010101","npc105a","","npch105d","","01","01","01",1,"","","",0,1,1,1
"npc105ad010102","npc105a","","npch105d","","01","01","02",1,"","","",0,1,1,1
"npc105ad010103","npc105a","","npch105d","","01","01","03",1,"","","",0,1,1,1
"npc105ad010104","npc105a","","npch105d","","01","01","04",1,"","","",0,1,1,1
"npc105ad010105","npc105a","","npch105d","","01","01","05",1,"","","",0,1,1,1
"npc105ad010106","npc105a","","npch105d","","01","01","06",1,"","","",0,1,1,1
"npc105ad010107","npc105a","","npch105d","","01","01","07",1,"","","",0,1,1,1
"npc105ae010101","npc105a","","npch105e","","01","01","01",1,"","","",0,1,1,1
"npc105ae010102","npc105a","","npch105e","","01","01","02",1,"","","",0,1,1,1
"npc105ae010103","npc105a","","npch105e","","01","01","03",1,"","","",0,1,1,1
"npc105ae010104","npc105a","","npch105e","","01","01","04",1,"","","",0,1,1,1
"npc105ae010105","npc105a","","npch105e","","01","01","05",1,"","","",0,1,1,1
"npc105ae010106","npc105a","","npch105e","","01","01","06",1,"","","",0,1,1,1
"npc105ae010107","npc105a","","npch105e","","01","01","07",1,"","","",0,1,1,1
"npc105af010101","npc105a","","npch105f","","01","01","01",1,"","","",0,1,1,1
"npc105af010102","npc105a","","npch105f","","01","01","02",1,"","","",0,1,1,1
"npc105af010103","npc105a","","npch105f","","01","01","03",1,"","","",0,1,1,1
"npc105af010104","npc105a","","npch105f","","01","01","04",1,"","","",0,1,1,1
"npc105af010105","npc105a","","npch105f","","01","01","05",1,"","","",0,1,1,1
"npc105af010106","npc105a","","npch105f","","01","01","06",1,"","","",0,1,1,1
"npc105af010107","npc105a","","npch105f","","01","01","07",1,"","","",0,1,1,1
"npc105ba010101","npc105b","","npch105a","","01","01","01",1,"","","",0,1,1,1
"npc105ba010102","npc105b","","npch105a","","01","01","02",1,"","","",0,1,1,1
"npc105ba010103","npc105b","","npch105a","","01","01","03",1,"","","",0,1,1,1
"npc105ba010104","npc105b","","npch105a","","01","01","04",1,"","","",0,1,1,1
"npc105ba010105","npc105b","","npch105a","","01","01","05",1,"","","",0,1,1,1
"npc105ba010106","npc105b","","npch105a","","01","01","06",1,"","","",0,1,1,1
"npc105ba010107","npc105b","","npch105a","","01","01","07",1,"","","",0,1,1,1
"npc105bb010101","npc105b","","npch105b","","01","01","01",1,"","","",0,1,1,1
"npc105bb010102","npc105b","","npch105b","","01","01","02",1,"","","",0,1,1,1
"npc105bb010103","npc105b","","npch105b","","01","01","03",1,"","","",0,1,1,1
"npc105bb010104","npc105b","","npch105b","","01","01","04",1,"","","",0,1,1,1
"npc105bb010105","npc105b","","npch105b","","01","01","05",1,"","","",0,1,1,1
"npc105bb010106","npc105b","","npch105b","","01","01","06",1,"","","",0,1,1,1
"npc105bb010107","npc105b","","npch105b","","01","01","07",1,"","","",0,1,1,1
"npc105bc010101","npc105b","","npch105c","","01","01","01",1,"","","",0,1,1,1
"npc105bc010102","npc105b","","npch105c","","01","01","02",1,"","","",0,1,1,1
"npc105bc010103","npc105b","","npch105c","","01","01","03",1,"","","",0,1,1,1
"npc105bc010104","npc105b","","npch105c","","01","01","04",1,"","","",0,1,1,1
"npc105bc010105","npc105b","","npch105c","","01","01","05",1,"","","",0,1,1,1
"npc105bc010106","npc105b","","npch105c","","01","01","06",1,"","","",0,1,1,1
"npc105bc010107","npc105b","","npch105c","","01","01","07",1,"","","",0,1,1,1
"npc105bd010101","npc105b","","npch105d","","01","01","01",1,"","","",0,1,1,1
"npc105bd010102","npc105b","","npch105d","","01","01","02",1,"","","",0,1,1,1
"npc105bd010103","npc105b","","npch105d","","01","01","03",1,"","","",0,1,1,1
"npc105bd010104","npc105b","","npch105d","","01","01","04",1,"","","",0,1,1,1
"npc105bd010105","npc105b","","npch105d","","01","01","05",1,"","","",0,1,1,1
"npc105bd010106","npc105b","","npch105d","","01","01","06",1,"","","",0,1,1,1
"npc105bd010107","npc105b","","npch105d","","01","01","07",1,"","","",0,1,1,1
"npc105be010101","npc105b","","npch105e","","01","01","01",1,"","","",0,1,1,1
"npc105be010102","npc105b","","npch105e","","01","01","02",1,"","","",0,1,1,1
"npc105be010103","npc105b","","npch105e","","01","01","03",1,"","","",0,1,1,1
"npc105be010104","npc105b","","npch105e","","01","01","04",1,"","","",0,1,1,1
"npc105be010105","npc105b","","npch105e","","01","01","05",1,"","","",0,1,1,1
"npc105be010106","npc105b","","npch105e","","01","01","06",1,"","","",0,1,1,1
"npc105be010107","npc105b","","npch105e","","01","01","07",1,"","","",0,1,1,1
"npc105bf010101","npc105b","","npch105f","","01","01","01",1,"","","",0,1,1,1
"npc105bf010102","npc105b","","npch105f","","01","01","02",1,"","","",0,1,1,1
"npc105bf010103","npc105b","","npch105f","","01","01","03",1,"","","",0,1,1,1
"npc105bf010104","npc105b","","npch105f","","01","01","04",1,"","","",0,1,1,1
"npc105bf010105","npc105b","","npch105f","","01","01","05",1,"","","",0,1,1,1
"npc105bf010106","npc105b","","npch105f","","01","01","06",1,"","","",0,1,1,1
"npc105bf010107","npc105b","","npch105f","","01","01","07",1,"","","",0,1,1,1
"npc105ba020101","npc105b","","npch105a","","02","01","01",1,"","","",0,1,1,1
"npc105ba020102","npc105b","","npch105a","","02","01","02",1,"","","",0,1,1,1
"npc105ba020103","npc105b","","npch105a","","02","01","03",1,"","","",0,1,1,1
"npc105ba020104","npc105b","","npch105a","","02","01","04",1,"","","",0,1,1,1
"npc105ba020105","npc105b","","npch105a","","02","01","05",1,"","","",0,1,1,1
"npc105ba020106","npc105b","","npch105a","","02","01","06",1,"","","",0,1,1,1
"npc105ba020107","npc105b","","npch105a","","02","01","07",1,"","","",0,1,1,1
"npc105bb020101","npc105b","","npch105b","","02","01","01",1,"","","",0,1,1,1
"npc105bb020102","npc105b","","npch105b","","02","01","02",1,"","","",0,1,1,1
"npc105bb020103","npc105b","","npch105b","","02","01","03",1,"","","",0,1,1,1
"npc105bb020104","npc105b","","npch105b","","02","01","04",1,"","","",0,1,1,1
"npc105bb020105","npc105b","","npch105b","","02","01","05",1,"","","",0,1,1,1
"npc105bb020106","npc105b","","npch105b","","02","01","06",1,"","","",0,1,1,1
"npc105bb020107","npc105b","","npch105b","","02","01","07",1,"","","",0,1,1,1
"npc105bc020101","npc105b","","npch105c","","02","01","01",1,"","","",0,1,1,1
"npc105bc020102","npc105b","","npch105c","","02","01","02",1,"","","",0,1,1,1
"npc105bc020103","npc105b","","npch105c","","02","01","03",1,"","","",0,1,1,1
"npc105bc020104","npc105b","","npch105c","","02","01","04",1,"","","",0,1,1,1
"npc105bc020105","npc105b","","npch105c","","02","01","05",1,"","","",0,1,1,1
"npc105bc020106","npc105b","","npch105c","","02","01","06",1,"","","",0,1,1,1
"npc105bc020107","npc105b","","npch105c","","02","01","07",1,"","","",0,1,1,1
"npc105bd020101","npc105b","","npch105d","","02","01","01",1,"","","",0,1,1,1
"npc105bd020102","npc105b","","npch105d","","02","01","02",1,"","","",0,1,1,1
"npc105bd020103","npc105b","","npch105d","","02","01","03",1,"","","",0,1,1,1
"npc105bd020104","npc105b","","npch105d","","02","01","04",1,"","","",0,1,1,1
"npc105bd020105","npc105b","","npch105d","","02","01","05",1,"","","",0,1,1,1
"npc105bd020106","npc105b","","npch105d","","02","01","06",1,"","","",0,1,1,1
"npc105bd020107","npc105b","","npch105d","","02","01","07",1,"","","",0,1,1,1
"npc105be020101","npc105b","","npch105e","","02","01","01",1,"","","",0,1,1,1
"npc105be020102","npc105b","","npch105e","","02","01","02",1,"","","",0,1,1,1
"npc105be020103","npc105b","","npch105e","","02","01","03",1,"","","",0,1,1,1
"npc105be020104","npc105b","","npch105e","","02","01","04",1,"","","",0,1,1,1
"npc105be020105","npc105b","","npch105e","","02","01","05",1,"","","",0,1,1,1
"npc105be020106","npc105b","","npch105e","","02","01","06",1,"","","",0,1,1,1
"npc105be020107","npc105b","","npch105e","","02","01","07",1,"","","",0,1,1,1
"npc105bf020101","npc105b","","npch105f","","02","01","01",1,"","","",0,1,1,1
"npc105bf020102","npc105b","","npch105f","","02","01","02",1,"","","",0,1,1,1
"npc105bf020103","npc105b","","npch105f","","02","01","03",1,"","","",0,1,1,1
"npc105bf020104","npc105b","","npch105f","","02","01","04",1,"","","",0,1,1,1
"npc105bf020105","npc105b","","npch105f","","02","01","05",1,"","","",0,1,1,1
"npc105bf020106","npc105b","","npch105f","","02","01","06",1,"","","",0,1,1,1
"npc105bf020107","npc105b","","npch105f","","02","01","07",1,"","","",0,1,1,1
"npc105ba030101","npc105b","","npch105a","","03","01","01",1,"","","",0,1,1,1
"npc105ba030102","npc105b","","npch105a","","03","01","02",1,"","","",0,1,1,1
"npc105ba030103","npc105b","","npch105a","","03","01","03",1,"","","",0,1,1,1
"npc105ba030104","npc105b","","npch105a","","03","01","04",1,"","","",0,1,1,1
"npc105ba030105","npc105b","","npch105a","","03","01","05",1,"","","",0,1,1,1
"npc105ba030106","npc105b","","npch105a","","03","01","06",1,"","","",0,1,1,1
"npc105ba030107","npc105b","","npch105a","","03","01","07",1,"","","",0,1,1,1
"npc105bb030101","npc105b","","npch105b","","03","01","01",1,"","","",0,1,1,1
"npc105bb030102","npc105b","","npch105b","","03","01","02",1,"","","",0,1,1,1
"npc105bb030103","npc105b","","npch105b","","03","01","03",1,"","","",0,1,1,1
"npc105bb030104","npc105b","","npch105b","","03","01","04",1,"","","",0,1,1,1
"npc105bb030105","npc105b","","npch105b","","03","01","05",1,"","","",0,1,1,1
"npc105bb030106","npc105b","","npch105b","","03","01","06",1,"","","",0,1,1,1
"npc105bb030107","npc105b","","npch105b","","03","01","07",1,"","","",0,1,1,1
"npc105bc030101","npc105b","","npch105c","","03","01","01",1,"","","",0,1,1,1
"npc105bc030102","npc105b","","npch105c","","03","01","02",1,"","","",0,1,1,1
"npc105bc030103","npc105b","","npch105c","","03","01","03",1,"","","",0,1,1,1
"npc105bc030104","npc105b","","npch105c","","03","01","04",1,"","","",0,1,1,1
"npc105bc030105","npc105b","","npch105c","","03","01","05",1,"","","",0,1,1,1
"npc105bc030106","npc105b","","npch105c","","03","01","06",1,"","","",0,1,1,1
"npc105bc030107","npc105b","","npch105c","","03","01","07",1,"","","",0,1,1,1
"npc105bd030101","npc105b","","npch105d","","03","01","01",1,"","","",0,1,1,1
"npc105bd030102","npc105b","","npch105d","","03","01","02",1,"","","",0,1,1,1
"npc105bd030103","npc105b","","npch105d","","03","01","03",1,"","","",0,1,1,1
"npc105bd030104","npc105b","","npch105d","","03","01","04",1,"","","",0,1,1,1
"npc105bd030105","npc105b","","npch105d","","03","01","05",1,"","","",0,1,1,1
"npc105bd030106","npc105b","","npch105d","","03","01","06",1,"","","",0,1,1,1
"npc105bd030107","npc105b","","npch105d","","03","01","07",1,"","","",0,1,1,1
"npc105be030101","npc105b","","npch105e","","03","01","01",1,"","","",0,1,1,1
"npc105be030102","npc105b","","npch105e","","03","01","02",1,"","","",0,1,1,1
"npc105be030103","npc105b","","npch105e","","03","01","03",1,"","","",0,1,1,1
"npc105be030104","npc105b","","npch105e","","03","01","04",1,"","","",0,1,1,1
"npc105be030105","npc105b","","npch105e","","03","01","05",1,"","","",0,1,1,1
"npc105be030106","npc105b","","npch105e","","03","01","06",1,"","","",0,1,1,1
"npc105be030107","npc105b","","npch105e","","03","01","07",1,"","","",0,1,1,1
"npc105bf030101","npc105b","","npch105f","","03","01","01",1,"","","",0,1,1,1
"npc105bf030102","npc105b","","npch105f","","03","01","02",1,"","","",0,1,1,1
"npc105bf030103","npc105b","","npch105f","","03","01","03",1,"","","",0,1,1,1
"npc105bf030104","npc105b","","npch105f","","03","01","04",1,"","","",0,1,1,1
"npc105bf030105","npc105b","","npch105f","","03","01","05",1,"","","",0,1,1,1
"npc105bf030106","npc105b","","npch105f","","03","01","06",1,"","","",0,1,1,1
"npc105bf030107","npc105b","","npch105f","","03","01","07",1,"","","",0,1,1,1
"npc105ea010101","npc105e","","npch105a","","01","01","01",1,"","","",0,1,1,1
"npc105ea010102","npc105e","","npch105a","","01","01","02",1,"","","",0,1,1,1
"npc105ea010103","npc105e","","npch105a","","01","01","03",1,"","","",0,1,1,1
"npc105ea010104","npc105e","","npch105a","","01","01","04",1,"","","",0,1,1,1
"npc105ea010105","npc105e","","npch105a","","01","01","05",1,"","","",0,1,1,1
"npc105ea010106","npc105e","","npch105a","","01","01","06",1,"","","",0,1,1,1
"npc105ea010107","npc105e","","npch105a","","01","01","07",1,"","","",0,1,1,1
"npc105eb010101","npc105e","","npch105b","","01","01","01",1,"","","",0,1,1,1
"npc105eb010102","npc105e","","npch105b","","01","01","02",1,"","","",0,1,1,1
"npc105eb010103","npc105e","","npch105b","","01","01","03",1,"","","",0,1,1,1
"npc105eb010104","npc105e","","npch105b","","01","01","04",1,"","","",0,1,1,1
"npc105eb010105","npc105e","","npch105b","","01","01","05",1,"","","",0,1,1,1
"npc105eb010106","npc105e","","npch105b","","01","01","06",1,"","","",0,1,1,1
"npc105eb010107","npc105e","","npch105b","","01","01","07",1,"","","",0,1,1,1
"npc105ec010101","npc105e","","npch105c","","01","01","01",1,"","","",0,1,1,1
"npc105ec010102","npc105e","","npch105c","","01","01","02",1,"","","",0,1,1,1
"npc105ec010103","npc105e","","npch105c","","01","01","03",1,"","","",0,1,1,1
"npc105ec010104","npc105e","","npch105c","","01","01","04",1,"","","",0,1,1,1
"npc105ec010105","npc105e","","npch105c","","01","01","05",1,"","","",0,1,1,1
"npc105ec010106","npc105e","","npch105c","","01","01","06",1,"","","",0,1,1,1
"npc105ec010107","npc105e","","npch105c","","01","01","07",1,"","","",0,1,1,1
"npc105ed010101","npc105e","","npch105d","","01","01","01",1,"","","",0,1,1,1
"npc105ed010102","npc105e","","npch105d","","01","01","02",1,"","","",0,1,1,1
"npc105ed010103","npc105e","","npch105d","","01","01","03",1,"","","",0,1,1,1
"npc105ed010104","npc105e","","npch105d","","01","01","04",1,"","","",0,1,1,1
"npc105ed010105","npc105e","","npch105d","","01","01","05",1,"","","",0,1,1,1
"npc105ed010106","npc105e","","npch105d","","01","01","06",1,"","","",0,1,1,1
"npc105ed010107","npc105e","","npch105d","","01","01","07",1,"","","",0,1,1,1
"npc105ee010101","npc105e","","npch105e","","01","01","01",1,"","","",0,1,1,1
"npc105ee010102","npc105e","","npch105e","","01","01","02",1,"","","",0,1,1,1
"npc105ee010103","npc105e","","npch105e","","01","01","03",1,"","","",0,1,1,1
"npc105ee010104","npc105e","","npch105e","","01","01","04",1,"","","",0,1,1,1
"npc105ee010105","npc105e","","npch105e","","01","01","05",1,"","","",0,1,1,1
"npc105ee010106","npc105e","","npch105e","","01","01","06",1,"","","",0,1,1,1
"npc105ee010107","npc105e","","npch105e","","01","01","07",1,"","","",0,1,1,1
"npc105ef010101","npc105e","","npch105f","","01","01","01",1,"","","",0,1,1,1
"npc105ef010102","npc105e","","npch105f","","01","01","02",1,"","","",0,1,1,1
"npc105ef010103","npc105e","","npch105f","","01","01","03",1,"","","",0,1,1,1
"npc105ef010104","npc105e","","npch105f","","01","01","04",1,"","","",0,1,1,1
"npc105ef010105","npc105e","","npch105f","","01","01","05",1,"","","",0,1,1,1
"npc105ef010106","npc105e","","npch105f","","01","01","06",1,"","","",0,1,1,1
"npc105ef010107","npc105e","","npch105f","","01","01","07",1,"","","",0,1,1,1
"npc105fa010101","npc105f","","npch105a","","01","01","01",1,"","","",0,1,1,1
"npc105fa010102","npc105f","","npch105a","","01","01","02",1,"","","",0,1,1,1
"npc105fa010103","npc105f","","npch105a","","01","01","03",1,"","","",0,1,1,1
"npc105fa010104","npc105f","","npch105a","","01","01","04",1,"","","",0,1,1,1
"npc105fa010105","npc105f","","npch105a","","01","01","05",1,"","","",0,1,1,1
"npc105fa010106","npc105f","","npch105a","","01","01","06",1,"","","",0,1,1,1
"npc105fa010107","npc105f","","npch105a","","01","01","07",1,"","","",0,1,1,1
"npc105fb010101","npc105f","","npch105b","","01","01","01",1,"","","",0,1,1,1
"npc105fb010102","npc105f","","npch105b","","01","01","02",1,"","","",0,1,1,1
"npc105fb010103","npc105f","","npch105b","","01","01","03",1,"","","",0,1,1,1
"npc105fb010104","npc105f","","npch105b","","01","01","04",1,"","","",0,1,1,1
"npc105fb010105","npc105f","","npch105b","","01","01","05",1,"","","",0,1,1,1
"npc105fb010106","npc105f","","npch105b","","01","01","06",1,"","","",0,1,1,1
"npc105fb010107","npc105f","","npch105b","","01","01","07",1,"","","",0,1,1,1
"npc105fc010101","npc105f","","npch105c","","01","01","01",1,"","","",0,1,1,1
"npc105fc010102","npc105f","","npch105c","","01","01","02",1,"","","",0,1,1,1
"npc105fc010103","npc105f","","npch105c","","01","01","03",1,"","","",0,1,1,1
"npc105fc010104","npc105f","","npch105c","","01","01","04",1,"","","",0,1,1,1
"npc105fc010105","npc105f","","npch105c","","01","01","05",1,"","","",0,1,1,1
"npc105fc010106","npc105f","","npch105c","","01","01","06",1,"","","",0,1,1,1
"npc105fc010107","npc105f","","npch105c","","01","01","07",1,"","","",0,1,1,1
"npc105fd010101","npc105f","","npch105d","","01","01","01",1,"","","",0,1,1,1
"npc105fd010102","npc105f","","npch105d","","01","01","02",1,"","","",0,1,1,1
"npc105fd010103","npc105f","","npch105d","","01","01","03",1,"","","",0,1,1,1
"npc105fd010104","npc105f","","npch105d","","01","01","04",1,"","","",0,1,1,1
"npc105fd010105","npc105f","","npch105d","","01","01","05",1,"","","",0,1,1,1
"npc105fd010106","npc105f","","npch105d","","01","01","06",1,"","","",0,1,1,1
"npc105fd010107","npc105f","","npch105d","","01","01","07",1,"","","",0,1,1,1
"npc105fe010101","npc105f","","npch105e","","01","01","01",1,"","","",0,1,1,1
"npc105fe010102","npc105f","","npch105e","","01","01","02",1,"","","",0,1,1,1
"npc105fe010103","npc105f","","npch105e","","01","01","03",1,"","","",0,1,1,1
"npc105fe010104","npc105f","","npch105e","","01","01","04",1,"","","",0,1,1,1
"npc105fe010105","npc105f","","npch105e","","01","01","05",1,"","","",0,1,1,1
"npc105fe010106","npc105f","","npch105e","","01","01","06",1,"","","",0,1,1,1
"npc105fe010107","npc105f","","npch105e","","01","01","07",1,"","","",0,1,1,1
"npc105ff010101","npc105f","","npch105f","","01","01","01",1,"","","",0,1,1,1
"npc105ff010102","npc105f","","npch105f","","01","01","02",1,"","","",0,1,1,1
"npc105ff010103","npc105f","","npch105f","","01","01","03",1,"","","",0,1,1,1
"npc105ff010104","npc105f","","npch105f","","01","01","04",1,"","","",0,1,1,1
"npc105ff010105","npc105f","","npch105f","","01","01","05",1,"","","",0,1,1,1
"npc105ff010106","npc105f","","npch105f","","01","01","06",1,"","","",0,1,1,1
"npc105ff010107","npc105f","","npch105f","","01","01","07",1,"","","",0,1,1,1
"npc105ga010101","npc105g","","npch105a","","01","01","01",1,"","","",0,1,1,1
"npc105ga010102","npc105g","","npch105a","","01","01","02",1,"","","",0,1,1,1
"npc105ga010103","npc105g","","npch105a","","01","01","03",1,"","","",0,1,1,1
"npc105ga010104","npc105g","","npch105a","","01","01","04",1,"","","",0,1,1,1
"npc105ga010105","npc105g","","npch105a","","01","01","05",1,"","","",0,1,1,1
"npc105ga010106","npc105g","","npch105a","","01","01","06",1,"","","",0,1,1,1
"npc105ga010107","npc105g","","npch105a","","01","01","07",1,"","","",0,1,1,1
"npc105gb010101","npc105g","","npch105b","","01","01","01",1,"","","",0,1,1,1
"npc105gb010102","npc105g","","npch105b","","01","01","02",1,"","","",0,1,1,1
"npc105gb010103","npc105g","","npch105b","","01","01","03",1,"","","",0,1,1,1
"npc105gb010104","npc105g","","npch105b","","01","01","04",1,"","","",0,1,1,1
"npc105gb010105","npc105g","","npch105b","","01","01","05",1,"","","",0,1,1,1
"npc105gb010106","npc105g","","npch105b","","01","01","06",1,"","","",0,1,1,1
"npc105gb010107","npc105g","","npch105b","","01","01","07",1,"","","",0,1,1,1
"npc105gc010101","npc105g","","npch105c","","01","01","01",1,"","","",0,1,1,1
"npc105gc010102","npc105g","","npch105c","","01","01","02",1,"","","",0,1,1,1
"npc105gc010103","npc105g","","npch105c","","01","01","03",1,"","","",0,1,1,1
"npc105gc010104","npc105g","","npch105c","","01","01","04",1,"","","",0,1,1,1
"npc105gc010105","npc105g","","npch105c","","01","01","05",1,"","","",0,1,1,1
"npc105gc010106","npc105g","","npch105c","","01","01","06",1,"","","",0,1,1,1
"npc105gc010107","npc105g","","npch105c","","01","01","07",1,"","","",0,1,1,1
"npc105gd010101","npc105g","","npch105d","","01","01","01",1,"","","",0,1,1,1
"npc105gd010102","npc105g","","npch105d","","01","01","02",1,"","","",0,1,1,1
"npc105gd010103","npc105g","","npch105d","","01","01","03",1,"","","",0,1,1,1
"npc105gd010104","npc105g","","npch105d","","01","01","04",1,"","","",0,1,1,1
"npc105gd010105","npc105g","","npch105d","","01","01","05",1,"","","",0,1,1,1
"npc105gd010106","npc105g","","npch105d","","01","01","06",1,"","","",0,1,1,1
"npc105gd010107","npc105g","","npch105d","","01","01","07",1,"","","",0,1,1,1
"npc105ge010101","npc105g","","npch105e","","01","01","01",1,"","","",0,1,1,1
"npc105ge010102","npc105g","","npch105e","","01","01","02",1,"","","",0,1,1,1
"npc105ge010103","npc105g","","npch105e","","01","01","03",1,"","","",0,1,1,1
"npc105ge010104","npc105g","","npch105e","","01","01","04",1,"","","",0,1,1,1
"npc105ge010105","npc105g","","npch105e","","01","01","05",1,"","","",0,1,1,1
"npc105ge010106","npc105g","","npch105e","","01","01","06",1,"","","",0,1,1,1
"npc105ge010107","npc105g","","npch105e","","01","01","07",1,"","","",0,1,1,1
"npc105gf010101","npc105g","","npch105f","","01","01","01",1,"","","",0,1,1,1
"npc105gf010102","npc105g","","npch105f","","01","01","02",1,"","","",0,1,1,1
"npc105gf010103","npc105g","","npch105f","","01","01","03",1,"","","",0,1,1,1
"npc105gf010104","npc105g","","npch105f","","01","01","04",1,"","","",0,1,1,1
"npc105gf010105","npc105g","","npch105f","","01","01","05",1,"","","",0,1,1,1
"npc105gf010106","npc105g","","npch105f","","01","01","06",1,"","","",0,1,1,1
"npc105gf010107","npc105g","","npch105f","","01","01","07",1,"","","",0,1,1,1
"npc105ha010101","npc105h","","npch105a","","01","01","01",1,"face_outline1","eye_h","eye_s",0,1,1,1
"npc105ii010101","npc105i","","npch105i","","01","01","01",1,"","","",0,1,1,1
"npc105ii010102","npc105i","","npch105i","","01","01","02",1,"","","",0,1,1,1
"npc105ii010103","npc105i","","npch105i","","01","01","03",1,"","","",0,1,1,1
"npc105ii010104","npc105i","","npch105i","","01","01","04",1,"","","",0,1,1,1
"npc105ii010105","npc105i","","npch105i","","01","01","05",1,"","","",0,1,1,1
"npc105ii010106","npc105i","","npch105i","","01","01","06",1,"","","",0,1,1,1
"npc105ii010107","npc105i","","npch105i","","01","01","07",1,"","","",0,1,1,1
"npc106aa010101","npc106a","","npch106a","","01","01","01",1,"","","",0,1,1,1
"npc106aa010201","npc106a","","npch106a","","01","02","01",1,"","","",0,1,1,1
"npc106fa010101","npc106f","","npch106a","","01","01","01",1,"","","",0,1,1,1
"npc106fa010201","npc106f","","npch106a","","01","02","01",1,"","","",0,1,1,1
"npc106ii010101","npc106i","","npch106i","","01","01","01",1,"","","",0,1,1,1
"npc107aa010101","npc107a","","npch107a","","01","01","01",1,"","","",0,1,1,1
"npc107aa010102","npc107a","","npch107a","","01","01","02",1,"","","",0,1,1,1
"npc107aa010103","npc107a","","npch107a","","01","01","03",1,"","","",0,1,1,1
"npc107aa010201","npc107a","","npch107a","","01","02","01",1,"","","",0,1,1,1
"npc107aa010202","npc107a","","npch107a","","01","02","02",1,"","","",0,1,1,1
"npc107aa010203","npc107a","","npch107a","","01","02","03",1,"","","",0,1,1,1
"npc107aa020101","npc107a","","npch107a","","02","01","01",1,"","","",0,1,1,1
"npc107aa020102","npc107a","","npch107a","","02","01","02",1,"","","",0,1,1,1
"npc107aa020103","npc107a","","npch107a","","02","01","03",1,"","","",0,1,1,1
"npc107aa020201","npc107a","","npch107a","","02","02","01",1,"","","",0,1,1,1
"npc107aa020202","npc107a","","npch107a","","02","02","02",1,"","","",0,1,1,1
"npc107aa020203","npc107a","","npch107a","","02","02","03",1,"","","",0,1,1,1
"npc108aa010101","npc108a","","npch108a","","01","01","01",1,"","","",0,1,1,1
"npc109aa010101","npc109a","","npch109a","","01","01","01",1,"","","",0,1,1,1
"npc109aa010102","npc109a","","npch109a","","01","01","02",1,"","","",0,1,1,1
"npc109aa010201","npc109a","","npch109a","","01","02","01",1,"","","",0,1,1,1
"npc109aa010202","npc109a","","npch109a","","01","02","02",1,"","","",0,1,1,1
"npc109ab010101","npc109a","","npch109b","","01","01","01",1,"","","",0,1,1,1
"npc109ab010102","npc109a","","npch109b","","01","01","02",1,"","","",0,1,1,1
"npc109ab010201","npc109a","","npch109b","","01","02","01",1,"","","",0,1,1,1
"npc109ab010202","npc109a","","npch109b","","01","02","02",1,"","","",0,1,1,1
"npc109ba010101","npc109b","","npch109a","","01","01","01",1,"","","",0,1,1,1
"npc109ba010102","npc109b","","npch109a","","01","01","02",1,"","","",0,1,1,1
"npc109ba010201","npc109b","","npch109a","","01","02","01",1,"","","",0,1,1,1
"npc109ba010202","npc109b","","npch109a","","01","02","02",1,"","","",0,1,1,1
"npc109bb010101","npc109b","","npch109b","","01","01","01",1,"","","",0,1,1,1
"npc109bb010102","npc109b","","npch109b","","01","01","02",1,"","","",0,1,1,1
"npc109bb010201","npc109b","","npch109b","","01","02","01",1,"","","",0,1,1,1
"npc109bb010202","npc109b","","npch109b","","01","02","02",1,"","","",0,1,1,1
"npc110aa010101","npc110a","","npch110a","","01","01","01",1,"","","",0,1,1,1
"npc110aa010102","npc110a","","npch110a","","01","01","02",1,"","","",0,1,1,1
"npc110aa010201","npc110a","","npch110a","","01","02","01",1,"","","",0,1,1,1
"npc110aa010202","npc110a","","npch110a","","01","02","02",1,"","","",0,1,1,1
"npc110ab010101","npc110a","","npch110b","","01","01","01",1,"","","",0,1,1,1
"npc110ab010102","npc110a","","npch110b","","01","01","02",1,"","","",0,1,1,1
"npc110ab010201","npc110a","","npch110b","","01","02","01",1,"","","",0,1,1,1
"npc110ab010202","npc110a","","npch110b","","01","02","02",1,"","","",0,1,1,1
"npc110ba010101","npc110b","","npch110a","","01","01","01",1,"","","",0,1,1,1
"npc110ba010102","npc110b","","npch110a","","01","01","02",1,"","","",0,1,1,1
"npc110ba010201","npc110b","","npch110a","","01","02","01",1,"","","",0,1,1,1
"npc110ba010202","npc110b","","npch110a","","01","02","02",1,"","","",0,1,1,1
"npc110bb010101","npc110b","","npch110b","","01","01","01",1,"","","",0,1,1,1
"npc110bb010102","npc110b","","npch110b","","01","01","02",1,"","","",0,1,1,1
"npc110bb010201","npc110b","","npch110b","","01","02","01",1,"","","",0,1,1,1
"npc110bb010202","npc110b","","npch110b","","01","02","02",1,"","","",0,1,1,1
"npc111aa010101","npc111a","","npch111a","","01","01","01",1,"","","",0,1,1,1
"npc111ba010101","npc111b","","npch111a","","01","01","01",1,"","","",0,1,1,1
"npc111ba020101","npc111b","","npch111a","","02","01","01",1,"","","",0,1,1,1
"npc111ba030101","npc111b","","npch111a","","03","01","01",1,"","","",0,1,1,1
"npc112aa010101","npc112a","","npch112a","","01","01","01",1,"","","",0,1,1,1
"npc112fa010101","npc112f","","npch112a","","01","01","01",1,"","","",0,1,1,1
"mob000010101","mob000","","","","01","01","01",1,"","","",0,1,1,1
"mob001010101","mob001","","","","01","01","01",1,"","","",0,1,1,1
"mob001020101","mob001","","","","02","01","01",1,"","","",0,1,1,1
"mob003010101","mob003","","","","01","01","01",1,"","","",0,1,1,1
"mob003020101","mob003","","","","02","01","01",1,"","","",0,1,1,1
"mob004010101","mob004","","","","01","01","01",1,"","","",0,1,1,1
"mob004020101","mob004","","","","02","01","01",1,"","","",0,1,1,1
"mob005010101","mob005","","","","01","01","01",1,"","","",0,1,1,1
"mob005020101","mob005","","","","02","01","01",1,"","","",0,1,1,1
"mob006010101","mob006","","","","01","01","01",1,"","","",0,1,1,1
"mob006020101","mob006","","","","02","01","01",1,"","","",0,1,1,1
"mob007010101","mob007","","","","01","01","01",1,"","","",0,1,1,1
"mob007020101","mob007","","","","02","01","01",1,"","","",0,1,1,1
"mob008010101","mob008","","","","01","01","01",1,"","","",0,1,1,1
"mob008020101","mob008","","","","02","01","01",1,"","","",0,1,1,1
"mob009010101","mob009","","","","01","01","01",1,"","","",0,1,1,1
"mob010010101","mob010","","","","01","01","01",1,"","","",0,1,1,1
"mob011010101","mob011","","","","01","01","01",1,"","","",0,1,1,1
"mob011020101","mob011","","","","02","01","01",1,"","","",0,1,1,1
"mob012010101","mob012","","","","01","01","01",1,"","","",0,1,1,1
"mob012020101","mob012","","","","02","01","01",1,"","","",0,1,1,1
"mob013010101","mob013","","","","01","01","01",1,"","","",0,1,1,1
"mob013020101","mob013","","","","02","01","01",1,"","","",0,1,1,1
"mob014010101","mob014","","","","01","01","01",1,"","","",0,1,1,1
"mob014020101","mob014","","","","02","01","01",1,"","","",0,1,1,1
"mob015010101","mob015","","","","01","01","01",1,"","","",0,1,1,1
"mob015020101","mob015","","","","02","01","01",1,"","","",0,1,1,1
"mob016010101","mob016","","","","01","01","01",1,"","","",0,1,1,1
"mob016020101","mob016","","","","02","01","01",1,"","","",0,1,1,1
"mob017010101","mob017","","","","01","01","01",1,"","","",0,1,1,1
"mob017020101","mob017","","","","02","01","01",1,"","","",0,1,1,1
"mob018010101","mob018","","","","01","01","01",1,"","","",0,1,1,1
"mob019010101","mob019","","","","01","01","01",1,"","","",0,1,1,1
"mob020010101","mob020","","","","01","01","01",1,"","","",0,1,1,1
"mob020020101","mob020","","","","02","01","01",1,"","","",0,1,1,1
"mob021010101","mob021","","","","01","01","01",1,"","","",0,1,1,1
"mob021020101","mob021","","","","02","01","01",1,"","","",0,1,1,1
"mob023010101","mob023","","","","01","01","01",1,"","","",0,1,1,1
"mob023020101","mob023","","","","02","01","01",1,"","","",0,1,1,1
"mob024010101","mob024","","","","01","01","01",1,"","","",0,1,1,1
"mob024020101","mob024","","","","02","01","01",1,"","","",0,1,1,1
"mob025010101","mob025","","","","01","01","01",1,"","","",0,1,1,1
"mob025020101","mob025","","","","02","01","01",1,"","","",0,1,1,1
"mob026010101","mob026","","","","01","01","01",1,"","","",0,1,1,1
"mob026020101","mob026","","","","02","01","01",1,"","","",0,1,1,1
"mob027010101","mob027","","","","01","01","01",1,"","","",0,1,1,1
"mob027020101","mob027","","","","02","01","01",1,"","","",0,1,1,1
"mob028010101","mob028","","","","01","01","01",1,"","","",0,1,1,1
"mob028020101","mob028","","","","02","01","01",1,"","","",0,1,1,1
"mob030010101","mob030","","","","01","01","01",1,"","","",0,1,1,1
"mob031010101","mob031","","","","01","01","01",1,"","","",0,1,1,1
"mob031020101","mob031","","","","02","01","01",1,"","","",0,1,1,1
"mob032010101","mob032","","","","01","01","01",1,"","","",0,1,1,1
"mob032020101","mob032","","","","02","01","01",1,"","","",0,1,1,1
"mob033010101","mob033","","","","01","01","01",1,"","","",0,1,1,1
"mob033020101","mob033","","","","02","01","01",1,"","","",0,1,1,1
"mob034010101","mob034","","","","01","01","01",1,"","","",0,1,1,1
"mob034020101","mob034","","","","02","01","01",1,"","","",0,1,1,1
"mob035010101","mob035","","","","01","01","01",1,"","","",0,1,1,1
"mob036010101","mob036","","","","01","01","01",1,"","","",0,1,1,1
"mob036020101","mob036","","","","02","01","01",1,"","","",0,1,1,1
"mob037010101","mob037","","","","01","01","01",1,"","","",0,1,1,1
"mob037020101","mob037","","","","02","01","01",1,"","","",0,1,1,1
"mob038010101","mob038","","","","01","01","01",1,"","","",0,1,1,1
"mob038020101","mob038","","","","02","01","01",1,"","","",0,1,1,1
"mob039010101","mob039","","","","01","01","01",1,"","","",0,1,1,1
"mob040010101","mob040","","","","01","01","01",1,"","","",0,1,1,1
"mob040020101","mob040","","","","02","01","01",1,"","","",0,1,1,1
"mob041010101","mob041","","","","01","01","01",1,"","","",0,1,1,1
"mob041020101","mob041","","","","02","01","01",1,"","","",0,1,1,1
"mob043010101","mob043","","","","01","01","01",1,"","","",0,1,1,1
"mob043020101","mob043","","","","02","01","01",1,"","","",0,1,1,1
"mob044010101","mob044","","","","01","01","01",1,"","","",0,1,1,1
"mob044020101","mob044","","","","02","01","01",1,"","","",0,1,1,1
"mob046010101","mob046","","","","01","01","01",1,"","","",0,1,1,1
"mob046020101","mob046","","","","02","01","01",1,"","","",0,1,1,1
"mob047010101","mob047","","","","01","01","01",1,"","","",0,1,1,1
"mob047020101","mob047","","","","02","01","01",1,"","","",0,1,1,1
"mob048010101","mob048","","","","01","01","01",1,"","","",0,1,1,1
"mob048020101","mob048","","","","02","01","01",1,"","","",0,1,1,1
"mob051010101","mob051","","","","01","01","01",1,"","","",0,1,1,1
"mob051020101","mob051","","","","02","01","01",1,"","","",0,1,1,1
"mob052010101","mob052","","","","01","01","01",1,"","","",0,1,1,1
"mob052020101","mob052","","","","02","01","01",1,"","","",0,1,1,1
"mob053010101","mob053","","","","01","01","01",1,"","","",0,1,1,1
"mob053020101","mob053","","","","02","01","01",1,"","","",0,1,1,1
"mob054010101","mob054","","","","01","01","01",1,"","","",0,1,1,1
"mob054020101","mob054","","","","02","01","01",1,"","","",0,1,1,1
"mob055010101","mob055","","","","01","01","01",1,"","","",0,1,1,1
"mob055020101","mob055","","","","02","01","01",1,"","","",0,1,1,1
"mob056010101","mob056","","","","01","01","01",1,"","","",0,1,1,1
"mob056020101","mob056","","","","02","01","01",1,"","","",0,1,1,1
"mob057010101","mob057","","","","01","01","01",1,"","","",0,1,1,1
"mob057020101","mob057","","","","02","01","01",1,"","","",0,1,1,1
"mob058010101","mob058","","","","01","01","01",1,"","","",0,1,1,1
"mob058020101","mob058","","","","02","01","01",1,"","","",0,1,1,1
"mob060010101","mob060","","","","01","01","01",1,"","","",0,1,1,1
"mob060020101","mob060","","","","02","01","01",1,"","","",0,1,1,1
"mob061010101","mob061","","","","01","01","01",1,"","","",0,1,1,1
"mob061020101","mob061","","","","02","01","01",1,"","","",0,1,1,1
"mob063010101","mob063","","","","01","01","01",1,"","","",0,1,1,1
"mob063020101","mob063","","","","02","01","01",1,"","","",0,1,1,1
"mob064010101","mob064","","","","01","01","01",1,"","","",0,1,1,1
"mob064020101","mob064","","","","02","01","01",1,"","","",0,1,1,1
"mob067010101","mob067","","","","01","01","01",1,"","","",0,1,1,1
"mob067020101","mob067","","","","02","01","01",1,"","","",0,1,1,1
"mob068010101","mob068","","","","01","01","01",1,"","","",0,1,1,1
"mob068020101","mob068","","","","02","01","01",1,"","","",0,1,1,1
"mob071010101","mob071","","","","01","01","01",1,"","","",0,1,1,1
"mob071020101","mob071","","","","02","01","01",1,"","","",0,1,1,1
"mob072010101","mob072","","","","01","01","01",1,"","","",0,1,1,1
"mob072020101","mob072","","","","02","01","01",1,"","","",0,1,1,1
"mob073010101","mob073","","","","01","01","01",1,"","","",0,1,1,1
"mob073020101","mob073","","","","02","01","01",1,"","","",0,1,1,1
"mob074010101","mob074","","","","01","01","01",1,"","","",0,1,1,1
"mob074020101","mob074","","","","02","01","01",1,"","","",0,1,1,1
"mob075010101","mob075","","","","01","01","01",1,"","","",0,1,1,1
"mob075020101","mob075","","","","02","01","01",1,"","","",0,1,1,1
"mob076010101","mob076","","","","01","01","01",1,"","","",0,1,1,1
"mob076020101","mob076","","","","02","01","01",1,"","","",0,1,1,1
"mob077010101","mob077","","","","01","01","01",1,"","","",0,1,1,1
"mob077020101","mob077","","","","02","01","01",1,"","","",0,1,1,1
"mob080010101","mob080","","","","01","01","01",1,"","","",0,1,1,1
"mob080020101","mob080","","","","02","01","01",1,"","","",0,1,1,1
"mob081010101","mob081","","","","01","01","01",1,"","","",0,1,1,1
"mob081020101","mob081","","","","02","01","01",1,"","","",0,1,1,1
"mob083010101","mob083","","","","01","01","01",1,"","","",0,1,1,1
"mob083020101","mob083","","","","02","01","01",1,"","","",0,1,1,1
"mob084010101","mob084","","","","01","01","01",1,"","","",0,1,1,1
"mob084020101","mob084","","","","02","01","01",1,"","","",0,1,1,1
"mob087010101","mob087","","","","01","01","01",1,"","","",0,1,1,1
"mob087020101","mob087","","","","02","01","01",1,"","","",0,1,1,1
"mob088010101","mob088","","","","01","01","01",1,"","","",0,1,1,1
"mob088020101","mob088","","","","02","01","01",1,"","","",0,1,1,1
"mob091010101","mob091","","","","01","01","01",1,"","","",0,1,1,1
"mob091020101","mob091","","","","02","01","01",1,"","","",0,1,1,1
"mob092010101","mob092","","","","01","01","01",1,"","","",0,1,1,1
"mob092020101","mob092","","","","02","01","01",1,"","","",0,1,1,1
"mob093010101","mob093","","","","01","01","01",1,"","","",0,1,1,1
"mob093020101","mob093","","","","02","01","01",1,"","","",0,1,1,1
"mob094010101","mob094","","","","01","01","01",1,"","","",0,1,1,1
"mob094020101","mob094","","","","02","01","01",1,"","","",0,1,1,1
"mob095010101","mob095","","","","01","01","01",1,"","","",0,1,1,1
"mob095020101","mob095","","","","02","01","01",1,"","","",0,1,1,1
"mob096010101","mob096","","","","01","01","01",1,"","","",0,1,1,1
"mob096020101","mob096","","","","02","01","01",1,"","","",0,1,1,1
"mob100010101","mob100","","","","01","01","01",1,"","","",0,1,1,1
"mob100020101","mob100","","","","02","01","01",1,"","","",0,1,1,1
"mob107010101","mob107","","","","01","01","01",1,"","","",0,1,1,1
"mob107020101","mob107","","","","02","01","01",1,"","","",0,1,1,1
"mob108010101","mob108","","","","01","01","01",1,"","","",0,1,1,1
"mob108020101","mob108","","","","02","01","01",1,"","","",0,1,1,1
"mob111010101","mob111","","","","01","01","01",1,"","","",0,1,1,1
"mob111020101","mob111","","","","02","01","01",1,"","","",0,1,1,1
"mob115010101","mob115","","","","01","01","01",1,"","","",0,1,1,1
"mob115020101","mob115","","","","02","01","01",1,"","","",0,1,1,1
"mob123010101","mob123","","","","01","01","01",1,"","","",0,1,1,1
"mob123020101","mob123","","","","02","01","01",1,"","","",0,1,1,1
"mob131010101","mob131","","","","01","01","01",1,"","","",0,1,1,1
"mob131020101","mob131","","","","02","01","01",1,"","","",0,1,1,1
"mob133010101","mob133","","","","01","01","01",1,"","","",0,1,1,1
"mob133020101","mob133","","","","02","01","01",1,"","","",0,1,1,1
"mob151010101","mob151","","","","01","01","01",1,"","","",0,1,1,1
"mob151020101","mob151","","","","02","01","01",1,"","","",0,1,1,1
"mob153010101","mob153","","","","01","01","01",1,"","","",0,1,1,1
"mob153020101","mob153","","","","02","01","01",1,"","","",0,1,1,1
"mob171010101","mob171","","","","01","01","01",1,"","","",0,1,1,1
"mob171020101","mob171","","","","02","01","01",1,"","","",0,1,1,1
"mob173010101","mob173","","","","01","01","01",1,"","","",0,1,1,1
"mob173020101","mob173","","","","02","01","01",1,"","","",0,1,1,1
"mob193010101","mob193","","","","01","01","01",1,"","","",0,1,1,1
"mob193020101","mob193","","","","02","01","01",1,"","","",0,1,1,1
"mob213010101","mob213","","","","01","01","01",1,"","","",0,1,1,1
"mob213020101","mob213","","","","02","01","01",1,"","","",0,1,1,1
"mob233010101","mob233","","","","01","01","01",1,"","","",0,1,1,1
"mob233020101","mob233","","","","02","01","01",1,"","","",0,1,1,1
"mob300010101","mob300","","","","01","01","01",1,"","","",0,1,1,1
"mob300020101","mob300","","","","02","01","01",1,"","","",0,1,1,1
"mob301010101","mob301","","","","01","01","01",1,"","","",0,1,1,1
"mob301020101","mob301","","","","02","01","01",1,"","","",0,1,1,1
"mob302010101","mob302","","","","01","01","01",1,"","","",0,1,1,1
"mob302020101","mob302","","","","02","01","01",1,"","","",0,1,1,1
"mob303010101","mob303","","","","01","01","01",1,"","","",0,1,1,1
"mob303020101","mob303","","","","02","01","01",1,"","","",0,1,1,1
"npc001aa010101","npc001a","","npch001a","","01","01","01",1,"","","",0,1,1,0
"npc001ca010101","npc001c","","npch001a","","01","01","01",1,"","","",0,1,1,0
"npc001na010101","npc001n","","npch001a","","01","01","01",1,"","","",0,1,1,0
"npc001oa010101","npc001o","","npch001a","","01","01","01",1,"","","",0,1,1,0
"npc001ta010101","npc001t","","npch001a","","01","01","01",1,"","","",0,1,1,0
"npc001ua010101","npc001u","","npch001a","","01","01","01",1,"","","",0,1,1,0
"npc001qa010101","npc001q","","npch001a","","01","01","01",1,"","","",0,1,1,0
"npc001ra010101","npc001r","","npch001a","","01","01","01",1,"","","",0,1,1,0
"npc002aa010101","npc002a","","npch002a","","01","01","01",1,"","","",0,1,1,0
"npc002ca010101","npc002c","","npch002a","","01","01","01",1,"","","",0,1,1,0
"npc003aa010101","npc003a","","npch003a","","01","01","01",1,"","","",0,1,1,0
"npc003ca010101","npc003c","","npch003a","","01","01","01",1,"","","",0,1,1,0
"npc004aa010101","npc004a","","npch004a","","01","01","01",1,"","","",0,1,1,0
"npc004ca010101","npc004c","","npch004a","","01","01","01",1,"","","",0,1,1,0
"npc005aa010101","npc005a","","npch005a","","01","01","01",1,"","","",0,1,1,0
"npc006aa010101","npc006a","","npch006a","","01","01","01",1,"","","",0,1,1,0
"npc007aa010101","npc007a","","npch007a","","01","01","01",1,"","","",0,1,1,0
"npc009aa010101","npc009a","","npch009a","","01","01","01",1,"","","",0,1,1,0
"npc010aa010101","npc010a","","npch010a","","01","01","01",1,"","","",0,1,1,0
"npc011aa010101","npc011a","","npch011a","","01","01","01",1,"","","",0,1,1,0
"npc012aa010101","npc012a","","npch012a","","01","01","01",1,"","","",0,1,1,0
"npc013aa010101","npc013a","","npch013a","","01","01","01",1,"","","",0,1,1,0
"npc014aa010101","npc014a","","npch014a","","01","01","01",1.06,"","","",0,1,1,0
"npc015aa010101","npc015a","","npch015a","","01","01","01",1.025,"","","",0,1,1,0
"npc016aa010101","npc016a","","npch016a","","01","01","01",1,"","","",0,1,1,0
"npc017aa010101","npc017a","","npch017a","","01","01","01",1,"","","",0,1,1,0
"npc052aa010101","npc052a","","npch052a","","01","01","01",1,"","","",0,1,1,0
"npc052ca010101","npc052c","","npch052a","","01","01","01",1,"","","",0,1,1,0
"npc053aa010101","npc053a","","npch053a","","01","01","01",1,"","","",0,1,1,0
"npc053ca010101","npc053c","","npch053a","","01","01","01",1,"","","",0,1,1,0
"npc056aa010101","npc056a","","npch056a","","01","01","01",1,"","","",0,1,1,0
"npc057aa010101","npc057a","","npch057a","","01","01","01",1,"","","",0,1,1,0
